ensemble,close,open,high,low
0,6168.5,6133.0,6172.5,6123.5
0,6237.5,6169.0,6272.5,6164.5
0,6223.5,6237.5,6247.0,6215.5
0,6225.5,6223.5,6233.5,6215.5
0,6227.5,6225.5,6240.5,6218.5
0,6213.0,6225.5,6228.5,6194.0
0,6168.0,6213.0,6214.5,6166.0
0,6155.5,6169.5,6171.0,6153.5
0,6173.5,6180.5,6183.0,6165.0
0,6179.0,6174.0,6207.5,6163.5
0,6147.0,6178.5,6183.0,6127.5
0,6212.5,6147.5,6223.0,6147.0
0,6195.5,6212.5,6218.5,6173.0
0,6198.5,6195.0,6208.5,6188.5
0,6189.5,6198.0,6208.5,6178.5
0,6189.5,6190.5,6208.5,6180.0
0,6231.0,6188.0,6251.5,6187.0
0,6249.5,6230.5,6255.5,6222.0
0,6248.0,6250.0,6258.5,6241.0
0,6242.5,6248.0,6257.0,6240.5
0,6273.5,6242.0,6279.5,6223.5
0,6283.5,6274.5,6286.0,6267.0
0,6298.0,6283.5,6299.5,6282.0
0,6336.0,6329.5,6350.5,6328.5
0,6349.5,6335.5,6356.5,6326.5
0,6355.5,6349.5,6364.0,6344.0
0,6342.5,6354.5,6355.5,6333.0
0,6343.5,6342.0,6346.0,6333.5
0,6347.0,6342.5,6352.0,6337.0
0,6338.5,6346.5,6347.5,6330.5
0,6350.0,6339.5,6355.5,6334.5
0,6329.0,6350.0,6355.5,6306.0
0,6321.5,6329.0,6343.0,6305.0
0,6297.5,6320.5,6321.5,6288.0
0,6307.0,6297.0,6314.0,6291.5
0,6327.5,6306.5,6332.0,6298.5
0,6334.5,6327.0,6341.5,6318.0
0,6338.5,6334.0,6343.5,6334.0
0,6336.0,6315.0,6341.5,6315.0
0,6354.5,6336.5,6365.5,6335.5
0,6370.0,6354.0,6375.0,6354.0
0,6359.5,6370.5,6373.0,6359.0
0,6326.0,6359.0,6366.0,6324.5
0,6290.5,6326.0,6331.5,6272.5
0,6207.0,6291.0,6317.5,6172.5
0,6231.5,6207.0,6237.0,6192.0
0,6203.5,6232.5,6234.0,6188.5
0,6199.5,6204.0,6213.5,6182.0
0,6200.0,6199.0,6203.5,6184.5
0,6169.5,6200.0,6202.5,6164.5
0,6151.5,6169.5,6184.5,6143.0
0,6132.0,6152.0,6162.0,6124.5
0,6148.5,6133.0,6148.5,6133.0
0,6114.5,6121.0,6126.5,6090.5
0,6128.0,6115.5,6146.5,6112.0
0,6148.0,6128.0,6158.0,6111.5
0,6162.0,6148.0,6165.5,6140.0
0,6185.0,6162.5,6193.0,6161.0
0,6178.0,6185.5,6197.0,6174.0
0,6194.0,6178.0,6215.5,6177.5
0,6185.0,6193.5,6196.0,6148.0
0,6150.5,6185.0,6202.5,6142.0
0,6175.5,6150.5,6184.0,6128.5
0,6183.5,6177.0,6194.5,6174.0
0,6167.0,6184.0,6193.0,6163.5
0,6149.5,6167.0,6172.0,6143.0
0,6117.5,6149.5,6168.0,6114.5
0,6118.0,6117.5,6123.5,6115.0
0,6188.0,6158.0,6191.5,6156.5
0,6179.0,6188.5,6190.0,6144.5
0,6110.0,6179.0,6180.0,6096.5
0,6087.5,6110.5,6111.5,6062.5
0,6099.0,6087.0,6119.5,6082.0
0,6114.5,6099.0,6120.0,6092.5
0,6116.0,6114.5,6133.5,6107.5
0,6091.0,6116.0,6132.0,6082.0
0,6079.5,6090.5,6119.5,6058.0
0,6145.0,6079.5,6147.5,6067.0
0,6137.0,6144.0,6155.0,6126.5
0,6088.5,6137.5,6140.0,6082.5
0,6115.5,6088.5,6139.5,6087.0
0,6162.5,6115.0,6167.5,6104.0
0,6165.0,6162.0,6166.5,6157.5
0,6167.5,6148.5,6175.0,6144.5
0,6174.0,6167.0,6191.5,6145.0
0,6134.0,6174.5,6176.5,6123.0
0,6110.0,6134.5,6150.0,6092.5
0,6148.0,6110.0,6152.0,6108.0
0,6175.5,6147.5,6179.0,6140.5
0,6192.0,6175.5,6208.5,6175.5
0,6200.0,6192.5,6214.0,6190.0
0,6237.0,6200.0,6241.0,6195.0
0,6237.5,6237.5,6254.5,6233.0
0,6233.0,6237.5,6241.5,6226.5
0,6221.5,6232.5,6236.0,6212.5
0,6204.5,6222.0,6231.0,6203.5
0,6166.0,6204.5,6207.5,6154.0
0,6177.0,6166.0,6178.0,6160.5
0,6215.5,6210.5,6229.5,6201.0
0,6237.0,6216.0,6245.5,6183.5
0,6273.5,6236.0,6284.5,6219.0
0,6277.5,6273.5,6289.0,6268.5
0,6279.0,6277.5,6283.0,6263.5
0,6267.0,6279.0,6281.5,6259.5
0,6263.5,6266.5,6283.5,6246.0
0,6334.0,6263.0,6338.0,6262.0
0,6327.0,6334.0,6349.5,6315.0
0,6307.0,6327.0,6331.0,6295.0
0,6291.0,6306.5,6310.5,6283.5
0,6310.0,6290.5,6315.5,6278.0
0,6322.5,6309.5,6327.0,6292.0
0,6335.0,6322.0,6338.5,6311.5
0,6332.0,6335.0,6336.0,6332.0
0,6340.5,6328.5,6353.5,6326.0
0,6310.5,6340.5,6344.5,6302.5
0,6323.5,6310.0,6325.0,6303.5
0,6328.5,6322.5,6342.5,6319.0
0,6325.0,6328.0,6339.5,6317.0
0,6309.0,6324.5,6327.5,6306.5
0,6255.5,6309.5,6319.0,6253.5
0,6285.5,6256.0,6291.5,6242.0
0,6309.5,6285.0,6346.0,6284.0
0,6305.5,6309.5,6311.5,6283.0
0,6310.0,6305.0,6319.5,6296.5
0,6302.0,6310.0,6322.5,6299.5
0,6308.0,6303.0,6311.5,6294.0
0,6337.0,6308.0,6339.5,6299.0
0,6341.0,6337.0,6344.0,6335.5
0,6365.5,6364.5,6376.5,6360.5
0,6360.0,6365.0,6378.5,6352.0
0,6385.5,6361.0,6393.5,6355.5
0,6382.5,6385.5,6388.0,6366.5
0,6376.5,6382.0,6384.0,6374.0
0,6375.0,6376.5,6378.5,6363.5
0,6382.0,6375.5,6398.0,6375.0
0,6362.0,6383.0,6386.0,6361.0
0,6380.0,6362.0,6389.5,6360.0
0,6374.5,6379.5,6393.0,6371.0
0,6369.0,6375.5,6382.5,6366.5
0,6359.5,6369.5,6372.0,6347.0
0,6355.5,6360.0,6361.0,6337.5
0,6338.5,6356.0,6362.0,6330.5
0,6334.5,6338.5,6340.0,6333.0
0,6346.5,6362.5,6364.0,6339.5
0,6364.5,6347.0,6372.5,6337.5
0,6383.0,6364.5,6391.0,6363.0
0,6424.0,6384.0,6428.0,6362.5
0,6415.5,6424.0,6427.0,6411.5
0,6416.5,6415.0,6418.0,6406.5
0,6420.0,6417.0,6427.0,6404.0
0,6423.5,6419.5,6429.0,6410.5
0,6444.5,6424.0,6447.5,6414.5
0,6436.0,6444.0,6454.5,6428.0
0,6441.5,6436.0,6446.0,6431.5
0,6450.5,6441.0,6462.0,6436.5
0,6460.0,6451.0,6468.5,6447.5
0,6481.0,6459.5,6483.5,6453.5
0,6476.5,6481.0,6481.5,6475.5
0,6465.0,6459.5,6478.0,6458.0
0,6438.0,6465.0,6469.0,6434.5
0,6446.0,6438.0,6450.5,6431.5
0,6449.5,6447.5,6452.5,6432.0
0,6445.0,6449.0,6458.5,6440.5
0,6431.5,6444.5,6449.5,6423.5
0,6426.0,6432.5,6435.5,6402.5
0,6440.0,6426.0,6446.0,6417.5
0,6428.0,6440.5,6452.0,6422.5
0,6449.5,6428.0,6455.5,6428.0
0,6452.0,6450.0,6461.5,6446.5
0,6466.5,6451.5,6469.5,6448.5
0,6470.0,6466.5,6474.0,6463.5
0,6458.5,6471.0,6472.5,6444.0
0,6465.0,6459.0,6465.0,6458.0
0,6442.5,6441.0,6446.0,6431.0
0,6436.0,6442.0,6454.0,6426.0
0,6478.5,6435.5,6486.5,6431.5
0,6489.0,6478.5,6499.5,6469.0
0,6490.0,6489.0,6493.5,6479.5
0,6488.0,6490.5,6495.5,6484.5
0,6468.5,6488.0,6503.0,6456.0
0,6469.0,6468.0,6491.5,6465.5
0,6452.5,6469.5,6480.0,6434.0
0,6485.5,6452.0,6492.5,6440.5
0,6482.5,6485.5,6488.0,6473.0
0,6487.0,6482.5,6487.5,6473.5
0,6479.0,6487.0,6492.0,6476.5
0,6490.0,6480.0,6493.0,6463.5
0,6491.5,6490.0,6493.5,6489.5
0,6487.0,6494.0,6502.5,6484.5
0,6504.0,6486.5,6517.5,6482.5
0,6493.5,6504.0,6510.0,6485.0
0,6483.5,6493.5,6498.5,6474.0
0,6465.5,6484.0,6484.0,6447.5
0,6486.5,6465.5,6492.5,6462.5
0,6476.5,6487.0,6490.5,6469.5
0,6488.0,6476.0,6497.0,6472.0
0,6500.0,6488.0,6511.5,6477.5
0,6468.5,6499.5,6505.5,6459.5
0,6472.0,6468.5,6478.5,6457.5
0,6470.0,6472.5,6478.0,6463.0
0,6474.5,6469.5,6476.5,6467.5
0,6476.5,6474.0,6478.0,6464.5
0,6478.5,6477.0,6481.0,6476.5
0,6593.0,6558.0,6613.5,6558.0
0,6573.5,6593.5,6595.0,6567.5
0,6566.5,6573.0,6574.0,6554.5
0,6547.5,6566.5,6569.0,6544.5
0,6566.0,6547.5,6573.0,6546.5
0,6564.0,6565.5,6570.5,6561.5
0,6546.5,6563.0,6563.5,6535.0
0,6552.0,6546.5,6560.0,6537.0
0,6533.5,6552.0,6556.5,6522.0
0,6551.5,6533.0,6563.5,6522.5
0,6537.0,6551.5,6553.5,6535.5
0,6538.0,6537.0,6551.0,6528.5
0,6531.0,6539.0,6548.5,6530.0
0,6502.0,6531.0,6535.5,6486.0
0,6508.0,6502.0,6513.5,6502.0
0,6522.5,6535.0,6535.0,6515.5
0,6551.0,6523.0,6556.5,6519.0
0,6542.5,6550.5,6554.5,6534.0
0,6497.0,6543.0,6544.0,6480.5
0,6491.5,6496.5,6505.0,6475.5
0,6502.5,6491.5,6515.5,6490.5
0,6522.0,6501.5,6523.5,6494.0
0,6528.5,6522.5,6535.0,6512.5
0,6525.0,6529.0,6530.0,6499.5
0,6527.5,6525.0,6532.0,6511.5
0,6524.5,6527.0,6530.5,6518.5
0,6517.5,6525.0,6531.0,6515.0
0,6481.0,6517.5,6519.0,6474.5
0,6473.0,6481.5,6488.5,6454.0
0,6469.0,6473.0,6474.0,6466.0
0,6476.0,6486.0,6486.0,6467.0
0,6477.0,6475.5,6490.5,6462.0
0,6495.5,6477.0,6514.0,6468.0
0,6508.0,6495.5,6509.0,6489.5
0,6512.5,6508.5,6526.5,6504.0
0,6511.5,6512.5,6523.5,6508.0
0,6513.5,6512.0,6533.0,6510.5
0,6498.0,6514.5,6517.5,6485.0
0,6466.0,6498.0,6505.5,6438.0
0,6453.5,6467.0,6472.5,6453.5
0,6481.5,6454.0,6485.0,6453.5
0,6488.5,6481.0,6493.5,6479.5
0,6478.0,6489.5,6509.0,6469.0
0,6483.5,6477.5,6489.0,6456.5
0,6479.0,6483.0,6484.0,6475.5
0,6498.5,6489.0,6506.0,6488.5
0,6429.0,6498.0,6498.0,6416.0
0,6416.0,6429.5,6432.0,6397.5
0,6419.5,6416.5,6428.5,6405.0
0,6427.5,6420.0,6436.5,6418.5
0,6407.0,6427.0,6434.0,6400.5
0,6440.5,6406.5,6451.0,6400.5
0,6415.5,6441.0,6441.5,6412.0
0,6379.5,6415.5,6423.0,6378.5
0,6391.5,6379.0,6394.5,6356.0
0,6389.0,6391.5,6398.0,6379.5
0,6414.5,6389.0,6419.0,6388.5
0,6385.0,6414.5,6425.5,6381.0
0,6384.5,6385.5,6393.5,6370.0
0,6379.0,6384.5,6384.5,6377.5
0,6388.5,6396.0,6396.0,6374.5
0,6392.5,6388.5,6411.5,6367.0
0,6350.0,6393.0,6403.5,6330.0
0,6320.5,6350.5,6351.0,6308.5
0,6337.5,6321.0,6341.5,6319.5
0,6349.0,6338.0,6353.0,6330.5
0,6336.0,6349.0,6353.0,6311.0
0,6323.5,6336.0,6349.0,6316.5
0,6304.5,6324.5,6363.0,6304.5
0,6333.5,6304.5,6339.0,6300.0
0,6331.5,6333.5,6345.0,6329.5
0,6348.0,6332.0,6361.5,6330.5
0,6357.5,6348.5,6361.5,6345.5
0,6341.0,6358.0,6358.5,6335.5
0,6351.0,6341.5,6351.0,6341.0
0,6344.5,6354.0,6355.0,6338.5
0,6344.5,6343.5,6363.5,6319.0
0,6391.0,6345.0,6399.5,6337.5
0,6391.5,6392.0,6407.5,6390.0
0,6387.5,6392.0,6405.5,6385.0
0,6401.0,6388.0,6406.0,6382.0
0,6374.5,6401.0,6404.5,6366.5
0,6356.5,6374.5,6399.0,6354.5
0,6383.0,6356.0,6383.5,6339.0
0,6418.0,6382.5,6431.0,6381.5
0,6407.5,6418.0,6418.5,6400.0
0,6391.5,6407.0,6411.0,6380.0
0,6401.0,6391.5,6407.0,6389.5
0,6389.5,6401.0,6409.5,6387.0
0,6391.5,6391.5,6394.0,6389.5
0,6325.5,6343.0,6343.0,6273.0
0,6304.0,6325.5,6332.0,6287.5
0,6282.5,6303.5,6304.5,6260.0
0,6277.0,6283.0,6289.5,6267.5
0,6287.0,6278.0,6288.0,6274.0
0,6276.0,6287.0,6288.5,6261.0
0,6280.5,6276.0,6289.0,6275.0
0,6247.5,6280.5,6291.0,6240.5
0,6223.5,6247.0,6252.0,6196.0
0,6225.0,6223.5,6236.5,6215.0
0,6222.0,6226.0,6228.5,6210.0
0,6213.0,6221.5,6227.0,6206.0
0,6222.0,6213.5,6230.5,6213.5
0,6213.0,6222.5,6225.0,6186.5
0,6213.0,6212.5,6216.5,6206.5
0,6233.0,6221.0,6241.0,6212.5
0,6228.0,6234.0,6240.0,6210.0
0,6229.0,6228.0,6246.5,6225.5
0,6242.0,6229.0,6257.5,6202.0
0,6255.5,6243.0,6263.0,6242.0
0,6252.0,6255.5,6257.5,6244.0
0,6207.5,6252.0,6252.0,6201.0
0,6244.0,6207.0,6249.0,6198.0
0,6226.0,6244.0,6247.5,6215.5
0,6226.5,6226.0,6233.5,6208.0
0,6220.0,6226.5,6230.0,6216.0
0,6220.0,6220.5,6224.5,6214.0
0,6221.5,6219.0,6225.0,6205.0
0,6164.5,6222.0,6223.5,6156.5
0,6163.0,6163.5,6168.0,6161.0
0,6139.5,6137.0,6144.0,6127.0
0,6146.5,6140.0,6160.5,6127.5
0,6165.5,6146.5,6179.0,6144.5
0,6169.0,6164.5,6175.0,6156.5
0,6185.5,6168.5,6191.0,6167.0
0,6183.5,6186.0,6201.0,6180.5
0,6189.5,6183.5,6194.5,6161.0
0,6188.0,6189.5,6216.0,6185.0
0,6102.0,6188.0,6193.0,6097.5
0,6124.0,6101.5,6134.5,6087.0
0,6155.0,6123.5,6162.5,6118.5
0,6156.5,6154.5,6164.5,6140.0
0,6140.0,6157.0,6168.5,6127.0
0,6157.0,6140.0,6166.0,6137.0
0,6156.5,6158.0,6162.5,6153.5
0,6158.5,6144.5,6168.5,6144.0
0,6133.0,6158.5,6160.5,6120.5
0,6131.5,6133.0,6150.5,6120.5
0,6132.5,6132.0,6137.5,6117.5
0,6131.5,6132.5,6137.0,6127.5
0,6150.0,6130.5,6151.0,6124.0
0,6141.5,6150.0,6201.0,6118.0
0,6129.5,6141.5,6168.5,6125.0
0,6129.0,6130.0,6145.0,6112.5
0,6085.5,6129.0,6129.5,6069.0
0,6075.5,6085.0,6094.0,6074.5
0,6079.5,6075.5,6086.0,6059.0
0,6080.0,6079.0,6088.5,6072.0
0,6109.0,6080.0,6119.0,6078.5
0,6092.0,6109.5,6110.5,6089.5
0,6112.0,6088.0,6115.5,6088.0
0,6102.0,6112.0,6121.5,6086.5
0,6103.0,6102.0,6126.0,6067.5
0,6103.0,6103.0,6106.5,6085.0
0,6106.0,6103.0,6108.0,6095.0
0,6101.0,6105.0,6108.0,6085.5
0,6099.0,6100.5,6110.0,6096.5
0,6094.0,6098.5,6099.0,6088.5
0,6092.5,6094.0,6094.5,6087.0
0,6081.5,6092.5,6096.0,6070.5
0,6074.5,6082.5,6082.5,6071.0
0,6075.0,6075.0,6077.0,6073.0
0,6077.5,6076.0,6080.0,6074.5
0,6080.0,6078.0,6082.0,6076.5
0,6081.5,6079.5,6082.5,6079.0
0,6114.0,6102.5,6116.5,6102.0
0,6155.0,6114.0,6159.0,6100.5
0,6165.0,6155.5,6170.0,6148.0
0,6188.0,6165.5,6192.0,6162.0
0,6200.5,6188.5,6209.5,6183.5
0,6196.5,6200.5,6203.0,6188.5
0,6219.0,6196.0,6224.0,6195.5
0,6231.5,6219.0,6234.0,6212.5
0,6219.0,6231.0,6256.5,6213.5
0,6195.0,6219.0,6224.5,6179.0
0,6180.0,6195.0,6209.5,6177.0
0,6161.0,6180.0,6185.5,6159.0
0,6170.0,6160.5,6173.5,6147.0
0,6161.5,6170.0,6175.0,6140.5
0,6172.5,6161.5,6174.5,6160.0
0,6153.5,6156.5,6165.5,6144.5
0,6161.5,6153.5,6168.5,6139.0
0,6115.0,6161.0,6169.5,6111.5
0,6130.5,6116.0,6134.0,6107.0
0,6143.0,6131.0,6147.0,6119.0
0,6163.5,6142.5,6181.0,6142.5
0,6192.0,6164.5,6195.5,6143.0
0,6192.0,6192.0,6207.5,6176.5
0,6252.5,6192.5,6258.5,6192.5
0,6233.5,6252.0,6253.5,6227.5
0,6246.0,6232.5,6249.5,6231.5
0,6256.5,6245.5,6263.5,6240.5
0,6268.5,6257.0,6275.0,6253.5
0,6305.5,6268.5,6307.5,6265.0
0,6303.0,6305.5,6307.5,6300.0
0,6293.0,6300.0,6309.0,6289.5
0,6284.5,6292.5,6295.5,6278.0
0,6274.5,6284.0,6286.5,6266.5
0,6271.0,6275.0,6290.0,6264.5
0,6281.5,6271.5,6286.0,6268.0
0,6277.0,6281.0,6284.5,6269.5
0,6303.0,6277.5,6315.0,6277.0
0,6289.5,6303.0,6317.0,6286.0
0,6281.0,6289.5,6307.5,6280.0
0,6287.0,6281.0,6301.5,6271.5
0,6297.0,6287.0,6301.5,6286.0
0,6295.5,6297.0,6308.0,6293.0
0,6301.0,6295.5,6305.5,6284.5
0,6323.5,6301.0,6333.0,6291.0
0,6327.5,6323.5,6329.0,6321.0
0,6330.0,6334.0,6335.5,6321.5
0,6319.0,6330.0,6333.0,6314.5
0,6318.0,6319.0,6338.0,6312.0
0,6315.0,6318.0,6325.0,6310.0
0,6315.5,6314.5,6323.5,6314.5
0,6322.0,6315.0,6329.5,6312.5
0,6309.0,6321.5,6321.5,6298.0
0,6313.0,6308.5,6328.5,6306.5
0,6330.0,6313.0,6339.5,6311.0
0,6325.0,6330.5,6332.5,6312.0
0,6327.0,6325.5,6330.0,6322.0
0,6334.0,6327.5,6336.0,6325.0
0,6348.0,6333.5,6348.0,6330.5
0,6354.5,6348.5,6357.0,6344.0
0,6356.5,6354.5,6359.0,6350.5
0,6337.5,6333.0,6341.5,6325.0
0,6332.0,6338.5,6346.5,6320.0
0,6329.0,6331.0,6346.0,6321.5
0,6334.0,6329.5,6337.0,6322.0
0,6333.0,6334.0,6337.0,6323.5
0,6336.5,6333.0,6342.5,6330.0
0,6342.0,6336.5,6352.0,6333.5
0,6368.5,6341.5,6378.0,6340.5
0,6353.0,6368.5,6380.5,6352.0
0,6334.5,6353.0,6355.0,6323.0
0,6350.0,6334.0,6351.0,6330.5
0,6353.0,6350.5,6353.0,6337.5
0,6350.5,6352.0,6357.0,6343.5
0,6346.0,6350.0,6356.0,6341.5
0,6348.0,6346.5,6349.0,6343.5
0,6336.5,6344.0,6350.0,6327.0
0,6368.0,6336.0,6380.0,6333.0
0,6409.0,6368.0,6418.0,6358.0
0,6421.0,6409.5,6426.5,6400.0
0,6421.5,6421.5,6425.5,6415.5
0,6432.5,6421.5,6441.0,6419.5
0,6440.5,6432.5,6450.0,6431.0
0,6436.0,6440.5,6451.0,6431.5
0,6439.5,6435.5,6461.5,6430.5
0,6442.5,6439.0,6453.5,6429.5
0,6443.5,6442.5,6448.5,6437.5
0,6434.0,6443.5,6447.0,6433.5
0,6450.5,6434.0,6455.0,6433.0
0,6450.5,6450.5,6457.0,6449.0
0,6453.0,6450.5,6453.0,6448.0
0,6488.5,6494.0,6500.0,6480.5
0,6481.5,6488.5,6489.5,6467.5
0,6463.0,6481.0,6481.0,6459.5
0,6454.5,6463.0,6469.0,6447.0
0,6446.5,6453.5,6456.0,6441.0
0,6445.5,6446.0,6454.0,6434.0
0,6433.0,6445.0,6445.5,6422.0
0,6430.0,6433.5,6441.5,6420.0
0,6453.5,6430.5,6460.0,6420.5
0,6470.5,6453.0,6472.5,6450.0
0,6463.5,6470.5,6471.5,6463.0
0,6452.5,6463.5,6466.5,6452.0
0,6449.5,6453.5,6456.0,6436.0
0,6459.5,6449.5,6461.5,6447.5
0,6460.0,6460.0,6464.0,6458.5
0,6445.0,6472.0,6472.0,6439.0
0,6443.5,6445.0,6458.0,6429.0
0,6484.0,6443.5,6489.0,6438.5
0,6472.0,6484.0,6487.0,6464.5
0,6492.5,6471.5,6497.5,6470.0
0,6493.0,6493.0,6503.5,6484.0
0,6481.0,6493.0,6518.5,6479.0
0,6453.5,6480.0,6490.5,6445.0
0,6408.0,6453.5,6460.0,6386.5
0,6414.5,6408.0,6418.0,6386.0
0,6411.0,6414.5,6416.0,6402.0
0,6425.5,6411.5,6433.5,6408.5
0,6427.5,6425.5,6432.5,6419.0
0,6445.0,6427.5,6448.0,6408.5
0,6441.5,6444.5,6448.0,6440.0
0,6422.0,6409.5,6426.5,6409.0
0,6426.5,6422.0,6441.0,6419.5
0,6412.0,6426.5,6430.0,6403.5
0,6438.0,6411.5,6444.0,6399.5
0,6459.5,6437.5,6466.0,6432.5
0,6436.5,6459.5,6465.0,6433.5
0,6435.5,6436.5,6448.0,6420.0
0,6334.0,6435.5,6436.5,6327.5
0,6307.0,6334.5,6338.0,6274.0
0,6294.0,6306.5,6320.0,6290.5
0,6297.0,6294.0,6304.5,6287.5
0,6280.5,6297.5,6302.5,6279.0
0,6284.0,6280.5,6289.0,6279.0
0,6282.5,6284.5,6292.0,6269.0
0,6280.0,6282.0,6287.0,6278.0
0,6303.5,6304.5,6306.5,6288.0
0,6298.0,6304.0,6305.5,6276.0
0,6300.5,6298.5,6308.5,6281.5
0,6317.5,6299.5,6332.0,6299.0
0,6332.5,6317.5,6338.5,6311.0
0,6331.0,6333.0,6338.0,6320.5
0,6331.5,6331.5,6338.0,6318.0
0,6339.5,6331.5,6345.0,6325.5
0,6264.5,6340.0,6343.0,6257.0
0,6274.5,6264.5,6287.5,6253.0
0,6289.5,6274.5,6292.5,6270.5
0,6280.5,6289.0,6289.0,6278.0
0,6309.5,6281.0,6311.0,6279.0
0,6299.0,6309.0,6314.0,6291.5
0,6302.0,6299.5,6304.0,6299.0
0,6303.5,6288.5,6307.5,6285.5
0,6278.5,6303.5,6309.0,6270.5
0,6281.0,6278.0,6285.5,6259.5
0,6200.5,6280.5,6282.5,6196.5
0,6208.0,6200.5,6209.0,6180.5
0,6198.5,6208.0,6215.0,6191.0
0,6199.5,6198.0,6208.0,6165.5
0,6215.0,6199.5,6219.5,6180.5
0,6209.0,6216.0,6223.0,6191.0
0,6215.0,6209.5,6235.0,6201.0
0,6221.5,6215.0,6223.5,6211.5
0,6255.5,6221.5,6257.0,6221.0
0,6261.5,6256.0,6265.0,6251.5
0,6274.0,6262.0,6282.0,6255.5
0,6276.5,6273.5,6281.0,6272.0
0,6272.5,6263.5,6280.5,6262.5
0,6303.0,6272.0,6320.5,6267.0
0,6308.5,6303.5,6311.5,6281.5
0,6307.0,6308.5,6318.5,6294.0
0,6284.0,6306.5,6315.5,6276.5
0,6283.0,6284.5,6294.0,6278.0
0,6313.0,6282.5,6321.5,6280.5
0,6243.0,6313.0,6317.0,6240.5
0,6268.0,6243.0,6284.0,6235.0
0,6257.5,6268.0,6271.5,6241.0
0,6264.0,6257.5,6274.0,6256.5
0,6273.5,6263.5,6276.0,6260.0
0,6208.0,6273.0,6276.0,6206.0
0,6213.0,6208.0,6223.5,6198.5
0,6215.0,6212.5,6219.5,6211.0
0,6228.0,6224.0,6232.5,6208.5
0,6250.5,6228.0,6252.0,6221.0
0,6313.0,6250.5,6315.5,6229.5
0,6333.0,6313.0,6340.0,6308.5
0,6346.0,6333.0,6355.5,6325.5
0,6352.5,6346.5,6364.0,6339.0
0,6350.5,6353.0,6355.0,6335.0
0,6374.5,6350.5,6380.0,6344.5
0,6404.5,6374.5,6408.5,6371.0
0,6386.0,6405.0,6405.5,6382.5
0,6392.0,6386.0,6393.0,6384.5
0,6389.5,6392.5,6399.0,6387.5
0,6397.0,6389.0,6401.5,6386.0
0,6395.0,6397.5,6401.0,6384.0
0,6399.0,6395.0,6400.5,6394.0
0,6398.5,6394.0,6405.0,6388.0
0,6415.0,6398.5,6428.0,6370.0
0,6436.5,6415.5,6450.0,6412.5
0,6430.0,6436.0,6439.0,6416.5
0,6440.5,6430.5,6442.0,6423.0
0,6437.0,6440.0,6453.5,6433.0
0,6434.0,6437.0,6442.5,6429.5
0,6413.0,6434.0,6437.0,6388.0
0,6417.0,6413.0,6438.5,6394.5
0,6425.5,6417.5,6432.5,6414.5
0,6414.0,6426.0,6439.0,6402.5
0,6437.5,6414.5,6444.5,6406.5
0,6447.0,6438.0,6449.0,6435.0
0,6446.0,6447.5,6448.5,6428.0
0,6449.0,6445.5,6449.0,6444.5
0,6464.0,6467.0,6474.0,6456.5
0,6428.5,6463.5,6464.0,6414.5
0,6416.0,6428.0,6432.0,6400.0
0,6406.0,6416.5,6427.0,6402.5
0,6411.5,6406.5,6417.0,6399.5
0,6410.0,6411.5,6418.0,6401.5
0,6408.0,6409.5,6413.5,6389.5
0,6415.0,6407.5,6432.0,6402.0
0,6433.0,6415.5,6448.0,6412.0
0,6453.0,6433.0,6454.0,6433.0
0,6445.0,6453.0,6453.5,6442.5
0,6452.5,6444.5,6461.0,6443.0
0,6441.5,6452.5,6453.0,6436.0
0,6455.0,6441.0,6458.5,6440.0
0,6457.5,6455.0,6459.0,6454.0
0,6479.0,6455.5,6487.0,6441.5
0,6476.0,6479.5,6499.5,6470.0
0,6482.0,6476.0,6491.5,6464.0
0,6482.5,6482.0,6486.0,6469.0
0,6491.0,6482.5,6496.0,6475.5
0,6496.5,6491.5,6501.0,6487.0
0,6502.5,6495.5,6510.0,6495.5
0,6493.0,6502.0,6513.0,6492.0
0,6475.0,6493.0,6507.0,6452.5
0,6465.5,6475.0,6476.5,6448.5
0,6469.5,6465.5,6479.0,6463.5
0,6472.0,6470.0,6478.0,6463.5
0,6465.5,6472.0,6479.0,6465.0
0,6468.5,6465.5,6476.0,6464.0
0,6471.5,6469.0,6472.5,6467.5
0,6490.0,6499.0,6505.5,6490.0
0,6490.5,6490.0,6508.0,6483.5
0,6472.0,6490.5,6490.5,6465.5
0,6463.0,6472.0,6479.0,6458.5
0,6437.5,6463.5,6465.0,6424.5
0,6446.0,6437.0,6447.5,6430.5
0,6435.0,6446.5,6451.0,6422.5
0,6411.0,6434.5,6443.0,6410.0
0,6430.0,6411.0,6435.0,6405.5
0,6438.0,6429.5,6446.0,6423.0
0,6446.5,6438.5,6448.5,6437.5
0,6443.5,6447.0,6458.0,6441.0
0,6434.0,6443.5,6448.0,6427.5
0,6432.5,6434.5,6435.5,6417.5
0,6432.0,6433.0,6437.0,6431.5
0,6459.0,6444.0,6464.5,6443.5
0,6452.5,6459.0,6476.5,6436.5
0,6473.5,6452.0,6488.0,6446.0
0,6471.0,6473.0,6484.5,6466.5
0,6472.5,6471.5,6481.0,6468.5
0,6479.5,6472.5,6486.0,6472.0
0,6480.0,6478.5,6483.0,6469.5
0,6484.0,6480.0,6503.5,6473.5
0,6438.5,6483.5,6483.5,6422.0
0,6384.5,6439.0,6442.0,6374.0
0,6370.0,6384.0,6384.0,6346.0
0,6393.0,6370.0,6397.0,6370.0
0,6400.5,6392.0,6406.0,6379.5
0,6392.0,6399.5,6412.5,6386.0
0,6394.0,6391.5,6395.5,6389.5
0,6387.5,6374.5,6391.5,6372.5
0,6376.0,6387.0,6398.5,6361.0
0,6369.0,6376.0,6384.0,6357.0
0,6352.0,6370.0,6370.0,6346.0
0,6370.5,6352.0,6372.0,6334.5
0,6361.5,6371.0,6374.0,6355.0
0,6320.5,6361.5,6371.0,6317.0
0,6350.5,6320.0,6371.0,6319.5
0,6426.0,6351.0,6444.0,6348.5
0,6407.0,6426.5,6440.0,6396.5
0,6410.5,6408.0,6413.0,6398.0
0,6396.5,6410.5,6413.0,6392.0
0,6406.5,6396.0,6413.0,6387.5
0,6424.5,6406.5,6429.5,6399.0
0,6421.5,6424.5,6425.0,6417.0
0,6451.5,6439.5,6458.5,6439.5
0,6485.0,6451.0,6487.5,6440.0
0,6509.0,6485.5,6521.5,6482.5
0,6508.0,6508.5,6514.0,6499.0
0,6507.5,6508.5,6518.0,6505.5
0,6509.0,6508.5,6515.0,6505.5
0,6509.0,6508.0,6519.0,6507.0
0,6521.0,6509.5,6536.0,6507.0
0,6547.0,6521.0,6563.5,6518.0
0,6546.0,6547.0,6549.5,6530.0
0,6543.0,6546.5,6549.0,6536.0
0,6546.5,6543.0,6551.0,6540.0
0,6558.5,6547.0,6564.0,6543.0
0,6554.0,6558.0,6562.0,6548.5
0,6554.0,6554.0,6554.5,6551.0
0,6541.5,6549.5,6552.5,6540.5
0,6535.0,6541.0,6548.0,6526.0
0,6555.5,6534.5,6561.0,6534.5
0,6556.5,6555.5,6566.5,6546.0
0,6567.0,6556.5,6571.0,6555.5
0,6540.0,6567.0,6567.0,6530.0
0,6555.0,6540.5,6556.5,6539.0
0,6542.5,6554.5,6559.5,6541.5
0,6558.0,6542.5,6569.0,6524.5
0,6566.5,6558.0,6572.0,6556.5
0,6558.5,6567.0,6568.5,6552.0
0,6557.5,6559.0,6560.5,6549.5
0,6558.5,6557.0,6560.0,6553.0
0,6552.0,6558.5,6561.0,6548.0
0,6554.5,6552.5,6556.5,6552.0
0,6549.0,6543.0,6553.0,6534.5
0,6537.0,6549.0,6557.0,6528.0
0,6529.5,6536.0,6544.0,6521.5
0,6534.5,6529.5,6540.0,6523.0
0,6541.5,6535.0,6545.5,6530.0
0,6554.0,6541.5,6566.0,6540.5
0,6580.0,6553.5,6591.5,6548.0
0,6596.5,6580.5,6598.5,6575.0
0,6585.0,6596.5,6620.5,6565.5
0,6594.5,6584.5,6599.5,6580.0
0,6596.5,6595.0,6603.0,6589.5
0,6592.5,6597.0,6598.5,6586.0
0,6600.5,6592.5,6630.5,6587.5
0,6599.5,6601.0,6605.5,6594.5
0,6603.0,6599.5,6603.5,6598.0
0,6594.0,6602.0,6609.0,6592.0
0,6592.0,6594.0,6601.5,6580.5
0,6603.5,6592.0,6607.5,6582.5
0,6612.5,6604.0,6616.5,6601.0
0,6636.0,6612.5,6641.5,6608.5
0,6622.5,6637.0,6641.5,6622.5
0,6605.0,6623.0,6628.5,6592.5
0,6608.5,6605.0,6612.0,6583.5
0,6594.5,6608.5,6617.5,6594.0
0,6600.5,6595.0,6603.0,6578.0
0,6597.0,6600.5,6602.0,6592.5
0,6602.5,6596.5,6603.5,6593.0
0,6605.0,6603.5,6609.5,6601.0
0,6611.5,6604.5,6613.5,6603.0
0,6611.5,6612.5,6613.5,6610.0
0,6619.5,6615.0,6627.5,6614.0
0,6623.5,6620.0,6645.5,6614.0
0,6613.0,6624.0,6624.0,6603.0
0,6608.0,6612.5,6614.5,6595.0
0,6622.5,6608.0,6625.0,6601.0
0,6610.0,6623.0,6623.0,6607.5
0,6554.5,6609.5,6621.0,6518.5
0,6573.0,6554.5,6585.5,6524.5
0,6522.5,6572.5,6579.5,6511.0
0,6537.5,6522.0,6537.5,6501.5
0,6535.0,6537.0,6537.0,6525.5
0,6537.5,6535.0,6545.5,6530.0
0,6552.0,6537.0,6557.0,6530.0
0,6564.5,6552.5,6570.5,6551.0
0,6572.0,6564.5,6572.5,6564.0
0,6584.5,6583.5,6595.0,6581.0
0,6596.0,6585.0,6607.0,6574.5
0,6601.5,6595.5,6603.0,6584.0
0,6598.0,6601.5,6609.0,6593.5
0,6597.5,6598.5,6602.5,6594.0
0,6601.5,6598.0,6605.0,6595.0
0,6603.0,6602.0,6613.0,6599.5
0,6589.5,6603.0,6610.0,6584.5
0,6590.0,6590.0,6601.5,6581.0
0,6605.5,6590.0,6614.5,6588.0
0,6605.5,6605.5,6608.5,6603.0
0,6608.5,6605.5,6609.5,6603.0
0,6621.0,6609.0,6628.0,6606.0
0,6613.5,6621.5,6625.0,6610.0
0,6612.5,6613.5,6616.0,6610.5
0,6578.5,6594.0,6596.0,6572.0
0,6544.5,6579.0,6592.5,6537.5
0,6565.0,6544.5,6573.5,6533.0
0,6556.5,6565.5,6565.5,6540.5
0,6566.5,6556.0,6571.5,6550.0
0,6561.5,6567.0,6582.5,6558.0
0,6533.5,6562.0,6563.0,6523.0
0,6515.5,6533.0,6545.5,6504.5
0,6520.0,6515.0,6532.5,6512.0
0,6549.0,6519.5,6552.0,6517.0
0,6545.0,6549.0,6553.0,6544.5
0,6535.5,6545.0,6547.0,6530.5
0,6570.0,6535.5,6581.5,6531.0
0,6571.5,6569.5,6579.5,6557.0
0,6574.0,6571.0,6574.0,6567.0
0,6489.0,6531.0,6531.0,6470.5
0,6483.0,6489.0,6492.5,6456.0
0,6473.0,6483.5,6485.0,6465.5
0,6449.0,6473.5,6482.5,6445.5
0,6442.0,6449.0,6451.0,6425.0
0,6440.5,6442.5,6451.5,6435.0
0,6431.5,6440.5,6450.0,6429.0
0,6416.0,6432.0,6436.0,6402.5
0,6411.5,6416.0,6425.5,6404.5
0,6415.5,6411.5,6422.0,6400.5
0,6406.5,6416.0,6420.5,6399.5
0,6414.0,6406.0,6422.0,6405.0
0,6404.0,6413.5,6424.0,6402.5
0,6403.5,6404.5,6421.0,6398.0
0,6412.5,6403.5,6414.5,6403.5
0,6400.0,6388.5,6405.5,6379.0
0,6428.5,6399.5,6432.0,6394.0
0,6394.0,6428.0,6429.5,6380.0
0,6390.0,6394.5,6413.0,6387.5
0,6408.5,6390.0,6412.5,6381.0
0,6389.0,6409.5,6412.5,6388.5
0,6375.5,6389.5,6399.0,6354.5
0,6379.0,6376.0,6394.0,6360.0
0,6397.0,6378.5,6400.5,6367.0
0,6390.5,6397.5,6400.5,6379.0
0,6389.0,6391.0,6392.5,6376.5
0,6369.0,6388.5,6393.5,6369.0
0,6385.0,6369.0,6386.0,6368.0
0,6383.0,6384.5,6399.0,6376.0
0,6386.0,6382.5,6387.5,6382.5
0,6423.5,6414.0,6432.5,6412.0
0,6406.5,6424.0,6428.0,6400.5
0,6408.0,6406.0,6417.0,6395.0
0,6351.0,6408.0,6410.0,6334.0
0,6347.0,6350.0,6355.5,6327.0
0,6341.0,6346.0,6351.5,6335.5
0,6360.5,6341.0,6373.0,6325.0
0,6368.0,6360.5,6383.0,6348.0
0,6363.0,6367.5,6392.5,6362.0
0,6362.5,6363.5,6378.0,6359.0
0,6376.0,6363.0,6377.0,6362.5
0,6378.5,6375.5,6383.5,6373.0
0,6369.0,6378.5,6378.5,6366.0
0,6369.5,6368.0,6381.0,6364.0
0,6364.5,6369.0,6370.0,6364.5
0,6385.5,6381.0,6391.0,6380.0
0,6388.0,6385.5,6413.0,6382.0
0,6341.5,6388.0,6389.0,6324.0
0,6363.0,6341.0,6378.5,6337.0
0,6366.0,6363.5,6373.0,6349.5
0,6353.5,6366.0,6366.0,6339.5
0,6355.0,6354.0,6362.0,6338.0
0,6341.5,6355.0,6355.5,6317.5
0,6365.5,6341.0,6383.0,6331.0
0,6372.0,6365.5,6377.0,6358.0
0,6374.0,6372.5,6382.5,6372.0
0,6368.0,6373.5,6379.0,6367.5
0,6350.0,6367.5,6373.5,6346.0
0,6365.5,6350.5,6367.5,6346.0
0,6375.0,6365.0,6376.0,6365.0
0,6389.5,6397.0,6410.0,6389.5
0,6396.0,6390.0,6414.5,6379.5
0,6421.0,6396.5,6425.5,6389.5
0,6425.5,6421.5,6429.0,6401.5
0,6442.5,6425.5,6450.0,6416.0
0,6432.0,6443.0,6445.5,6431.5
0,6436.5,6432.5,6445.0,6422.0
0,6429.5,6437.0,6447.0,6422.0
0,6445.5,6430.0,6447.5,6416.5
0,6464.5,6446.0,6473.5,6444.0
0,6457.5,6464.0,6465.5,6455.5
0,6463.0,6457.5,6473.0,6455.5
0,6463.5,6463.0,6465.0,6458.5
0,6453.0,6462.5,6462.5,6452.0
0,6448.0,6453.0,6453.5,6446.5
0,6442.5,6429.5,6445.0,6417.0
0,6417.5,6443.0,6444.0,6414.0
0,6425.5,6418.0,6434.0,6416.0
0,6463.5,6425.5,6471.0,6423.5
0,6449.5,6463.5,6466.0,6442.5
0,6461.5,6450.0,6465.5,6446.0
0,6468.5,6461.5,6474.0,6455.5
0,6423.5,6469.0,6470.5,6411.0
0,6426.0,6423.0,6449.0,6418.0
0,6448.5,6425.5,6452.5,6419.5
0,6452.5,6449.0,6455.0,6438.0
0,6467.0,6453.5,6473.0,6453.5
0,6462.5,6467.0,6471.0,6459.0
0,6451.5,6462.5,6463.0,6449.5
0,6448.5,6451.0,6452.0,6447.5
0,6466.5,6454.5,6470.5,6454.5
0,6415.5,6467.0,6483.5,6396.0
0,6420.5,6416.0,6427.5,6400.5
0,6429.0,6420.0,6432.5,6416.0
0,6475.0,6429.5,6487.5,6427.5
0,6473.5,6475.5,6482.0,6468.0
0,6414.0,6473.5,6485.5,6403.0
0,6409.0,6413.5,6436.0,6406.0
0,6335.0,6408.5,6417.5,6325.5
0,6312.0,6335.0,6346.5,6307.5
0,6324.0,6313.0,6331.0,6310.0
0,6317.0,6323.5,6331.5,6315.0
0,6325.0,6316.5,6330.5,6313.5
0,6331.5,6325.5,6340.5,6320.0
0,6327.0,6332.0,6333.0,6326.0
0,6331.5,6327.0,6338.0,6319.0
0,6318.5,6331.0,6354.0,6310.5
0,6293.5,6318.5,6329.0,6287.0
0,6283.0,6293.5,6308.0,6281.0
0,6265.5,6282.5,6291.5,6256.5
0,6272.5,6265.5,6283.5,6261.0
0,6280.5,6273.0,6281.5,6266.5
0,6271.0,6280.5,6293.0,6259.0
0,6268.5,6271.0,6287.5,6262.0
0,6252.0,6268.0,6274.0,6244.0
0,6251.0,6251.5,6255.5,6246.5
0,6261.0,6251.0,6262.5,6250.5
0,6275.0,6261.5,6278.0,6258.0
0,6274.5,6275.0,6280.5,6269.5
0,6273.5,6275.0,6278.0,6272.5
0,6274.0,6274.0,6280.0,6264.0
0,6271.5,6274.5,6279.0,6250.5
0,6279.0,6271.5,6285.0,6265.0
0,6287.0,6279.0,6291.0,6266.5
0,6290.0,6287.5,6296.0,6281.5
0,6292.5,6290.0,6294.0,6284.0
0,6275.5,6292.0,6297.0,6274.0
0,6305.0,6276.0,6311.0,6274.0
0,6265.5,6305.5,6308.0,6256.5
0,6264.5,6265.0,6272.0,6252.5
0,6270.5,6264.0,6274.5,6261.5
0,6274.5,6270.0,6278.0,6263.5
0,6275.0,6274.5,6286.5,6272.0
0,6260.0,6275.0,6281.0,6258.0
0,6260.5,6259.5,6261.5,6258.5
0,6227.5,6245.5,6246.0,6220.0
0,6210.5,6227.0,6233.0,6204.0
0,6207.5,6210.5,6217.5,6197.5
0,6207.0,6208.0,6215.0,6201.0
0,6212.5,6208.0,6217.0,6202.0
0,6199.5,6213.0,6221.5,6198.0
0,6183.5,6199.0,6201.0,6170.5
0,6176.5,6183.5,6191.5,6173.5
0,6173.5,6176.0,6183.0,6124.5
0,6190.0,6173.5,6201.5,6173.0
0,6183.0,6190.5,6196.0,6180.0
0,6175.5,6183.0,6195.0,6175.5
0,6189.0,6175.5,6192.5,6175.0
0,6178.0,6188.5,6197.0,6178.0
0,6183.0,6177.5,6183.0,6177.5
0,6179.0,6163.0,6181.5,6161.5
0,6194.5,6179.0,6199.5,6170.0
0,6181.5,6194.5,6211.5,6177.5
0,6169.5,6181.0,6194.0,6163.5
0,6178.5,6170.0,6182.5,6163.0
0,6168.5,6178.5,6180.5,6160.5
0,6146.0,6169.0,6175.0,6128.5
0,6119.5,6145.5,6155.5,6114.5
0,6130.5,6119.5,6145.5,6090.5
0,6152.5,6130.5,6171.0,6130.5
0,6143.5,6152.0,6155.5,6137.5
0,6160.0,6143.0,6161.5,6140.5
0,6176.0,6159.5,6181.5,6155.5
0,6183.0,6175.0,6193.5,6167.0
0,6183.5,6182.5,6185.5,6180.0
0,6192.0,6177.0,6197.0,6177.0
0,6188.0,6192.0,6200.5,6176.5
0,6171.0,6187.5,6196.0,6161.5
0,6179.5,6171.5,6183.0,6160.0
0,6168.5,6179.0,6192.5,6166.5
0,6167.5,6168.0,6177.0,6162.5
0,6192.5,6167.5,6206.0,6156.0
0,6161.0,6192.0,6195.0,6161.0
0,6189.0,6162.0,6201.5,6161.0
0,6152.5,6188.5,6188.5,6150.5
0,6157.5,6153.0,6170.5,6153.0
0,6162.0,6158.5,6167.5,6155.5
0,6137.5,6161.5,6162.0,6135.0
0,6140.5,6138.0,6152.0,6126.0
0,6130.0,6140.5,6143.0,6129.0
0,6151.5,6149.5,6158.5,6146.0
0,6146.5,6153.0,6171.0,6146.0
0,6143.5,6147.0,6154.0,6134.0
0,6162.5,6144.0,6167.5,6139.0
0,6175.5,6162.0,6178.0,6150.5
0,6167.5,6175.0,6179.5,6165.0
0,6186.5,6167.5,6213.5,6161.0
0,6164.5,6186.5,6204.5,6150.0
0,6165.0,6163.5,6181.5,6099.0
0,6202.0,6164.0,6218.5,6155.0
0,6206.5,6201.5,6217.0,6200.0
0,6210.5,6206.0,6217.5,6195.5
0,6215.5,6210.5,6226.5,6206.5
0,6230.0,6216.0,6234.0,6211.5
0,6230.5,6230.5,6232.0,6226.5
0,6235.5,6231.0,6241.5,6229.5
0,6216.0,6235.5,6235.5,6207.5
0,6216.0,6216.0,6222.5,6208.0
0,6216.5,6216.5,6226.5,6212.5
0,6199.0,6216.5,6218.5,6199.0
0,6185.5,6199.0,6199.5,6174.0
0,6182.5,6185.5,6196.0,6176.5
0,6169.5,6182.0,6184.5,6159.0
0,6169.5,6169.5,6182.5,6143.5
0,6158.5,6169.5,6174.0,6157.5
0,6169.0,6158.5,6172.5,6157.5
0,6163.5,6169.0,6172.0,6155.5
0,6163.5,6164.0,6168.0,6153.0
0,6146.0,6163.5,6164.5,6144.0
0,6135.0,6145.5,6147.5,6134.0
0,6084.5,6104.5,6111.5,6070.0
0,6114.5,6084.5,6118.5,6083.5
0,6121.5,6114.5,6130.5,6107.0
0,6131.5,6121.0,6133.0,6112.5
0,6118.5,6131.0,6135.5,6117.5
0,6116.5,6118.5,6119.5,6107.0
0,6110.5,6116.0,6121.5,6103.5
0,6144.0,6111.0,6148.5,6106.5
0,6155.5,6144.0,6181.5,6127.0
0,6185.0,6155.0,6190.0,6147.0
0,6168.0,6185.0,6186.5,6167.0
0,6169.5,6168.0,6177.5,6162.5
0,6150.0,6169.5,6177.0,6139.0
0,6149.5,6150.0,6163.5,6140.5
0,6154.5,6150.0,6155.5,6148.5
0,6192.0,6186.0,6203.0,6185.5
0,6142.5,6192.0,6197.0,6130.0
0,6183.0,6143.0,6187.5,6142.0
0,6249.5,6184.0,6256.0,6181.0
0,6245.0,6249.5,6253.5,6234.0
0,6252.5,6245.0,6258.0,6238.0
0,6245.0,6252.5,6256.5,6232.5
0,6264.5,6245.0,6268.0,6240.5
0,6339.5,6265.0,6342.5,6260.0
0,6336.5,6339.5,6342.0,6323.5
0,6319.5,6337.0,6337.0,6319.0
0,6329.5,6319.5,6331.5,6319.5
0,6317.5,6329.0,6331.0,6314.0
0,6330.5,6317.5,6335.0,6314.5
0,6331.0,6330.5,6333.5,6327.5
0,6329.5,6311.0,6332.0,6310.5
0,6321.0,6330.0,6332.5,6306.5
0,6325.0,6321.5,6338.5,6313.5
0,6342.0,6325.0,6347.5,6317.0
0,6323.0,6342.0,6347.0,6317.5
0,6332.0,6323.0,6351.5,6320.5
0,6335.5,6331.0,6346.0,6312.0
0,6338.5,6335.0,6341.5,6323.0
0,6346.0,6339.0,6358.0,6330.0
0,6343.5,6347.0,6360.5,6333.0
0,6336.0,6343.5,6345.5,6335.5
0,6342.0,6336.0,6344.5,6335.5
0,6346.5,6341.0,6354.0,6340.5
0,6360.0,6346.0,6363.0,6344.0
0,6358.0,6360.5,6361.0,6357.5
0,6351.0,6351.0,6353.0,6344.5
0,6358.5,6350.5,6362.0,6341.5
0,6356.5,6359.0,6366.0,6346.5
0,6363.0,6356.0,6368.5,6354.5
0,6362.5,6363.0,6369.5,6360.5
0,6354.0,6362.5,6366.0,6351.5
0,6426.5,6354.0,6432.5,6349.0
0,6428.5,6426.5,6431.5,6408.0
0,6372.5,6429.5,6433.5,6372.0
0,6386.0,6372.5,6390.0,6363.5
0,6393.5,6386.5,6394.0,6384.0
0,6400.5,6393.5,6401.5,6393.5
0,6396.5,6399.5,6400.5,6394.0
0,6396.0,6395.5,6403.5,6391.5
0,6402.5,6396.0,6402.5,6395.5
0,6418.0,6429.0,6430.0,6415.5
0,6405.0,6418.0,6421.0,6404.5
0,6404.0,6406.0,6410.5,6396.0
0,6415.5,6404.0,6416.0,6403.5
0,6410.5,6415.0,6417.0,6406.0
0,6406.5,6410.5,6410.5,6404.0
0,6407.5,6407.0,6408.0,6400.5
0,6409.5,6407.5,6412.0,6406.5
0,6407.5,6410.0,6412.0,6405.0
0,6405.5,6407.5,6410.5,6402.5
0,6408.5,6406.0,6409.5,6403.5
0,6410.0,6408.0,6412.5,6406.5
0,6409.5,6409.5,6413.5,6408.0
0,6407.5,6409.5,6410.5,6406.0
0,6409.0,6408.5,6409.5,6407.0
0,6386.0,6406.5,6406.5,6376.5
0,6371.0,6386.5,6393.0,6360.5
0,6376.0,6371.0,6379.5,6347.5
0,6369.0,6376.0,6387.5,6367.0
0,6370.5,6370.0,6372.5,6352.0
0,6368.5,6371.0,6373.5,6357.0
0,6366.0,6368.5,6376.0,6362.0
0,6361.0,6366.0,6379.0,6360.0
0,6362.0,6362.0,6369.0,6336.0
0,6366.5,6361.5,6380.5,6359.0
0,6364.0,6366.5,6376.0,6360.5
0,6373.0,6364.0,6375.5,6360.5
0,6367.0,6373.5,6377.5,6365.5
0,6356.0,6367.0,6368.0,6355.0
0,6358.5,6356.5,6361.5,6355.5
0,6348.5,6358.0,6358.0,6343.0
0,6330.5,6348.5,6369.0,6322.5
0,6329.5,6331.0,6340.5,6319.0
0,6333.5,6329.0,6339.5,6317.0
0,6382.5,6333.5,6388.0,6327.0
0,6393.5,6383.0,6407.0,6381.5
0,6385.5,6393.5,6406.0,6385.5
0,6415.0,6385.5,6422.5,6381.0
0,6423.0,6415.0,6436.0,6415.0
0,6417.5,6422.5,6427.5,6414.0
0,6424.0,6417.5,6428.5,6416.5
0,6398.0,6423.5,6425.5,6395.5
0,6410.5,6398.0,6413.5,6389.5
0,6401.5,6410.5,6417.0,6396.5
0,6398.0,6401.5,6402.0,6394.5
0,6404.0,6398.0,6409.5,6395.5
0,6392.0,6403.5,6407.5,6386.5
0,6425.5,6391.5,6432.0,6390.0
0,6443.0,6425.0,6448.0,6418.5
0,6449.5,6442.5,6457.5,6442.0
0,6441.0,6449.0,6452.0,6441.0
0,6468.5,6441.5,6480.5,6440.0
0,6474.5,6468.0,6488.5,6465.0
0,6465.5,6474.0,6480.5,6454.5
0,6469.5,6465.5,6475.5,6458.0
0,6446.5,6469.5,6471.5,6444.0
0,6436.5,6447.0,6448.0,6427.0
0,6438.0,6436.0,6440.5,6422.5
0,6438.0,6438.0,6452.0,6437.0
0,6437.5,6438.0,6439.0,6434.5
0,6451.5,6456.0,6456.5,6437.5
0,6460.5,6451.0,6473.0,6439.0
0,6461.0,6460.0,6468.5,6442.0
0,6446.0,6460.5,6467.0,6444.5
0,6452.5,6446.0,6458.0,6443.5
0,6456.0,6452.0,6460.5,6451.0
0,6464.0,6456.0,6469.0,6453.0
0,6470.0,6464.0,6476.0,6451.0
0,6468.5,6469.5,6480.0,6459.5
0,6464.0,6468.5,6473.5,6462.0
0,6465.5,6463.5,6467.0,6455.0
0,6465.0,6466.0,6470.0,6461.5
0,6469.0,6464.5,6473.0,6461.5
0,6469.5,6469.5,6475.0,6466.0
0,6468.0,6469.0,6469.5,6465.5
0,6528.5,6522.5,6541.0,6520.0
0,6494.5,6528.5,6528.5,6489.0
0,6517.5,6494.5,6521.5,6486.0
0,6534.5,6517.5,6547.0,6516.0
0,6529.0,6534.0,6534.0,6519.5
0,6526.5,6529.0,6532.0,6520.5
0,6517.0,6526.0,6530.5,6516.0
0,6535.0,6516.5,6542.5,6514.5
0,6528.5,6535.5,6543.0,6527.5
0,6509.0,6528.5,6531.0,6502.0
0,6501.5,6508.5,6512.5,6490.0
0,6507.5,6501.5,6510.5,6501.0
0,6508.5,6508.5,6511.5,6500.0
0,6523.0,6508.0,6523.0,6506.0
0,6518.0,6523.0,6523.0,6518.0
0,6513.5,6507.5,6517.0,6505.5
0,6518.0,6514.0,6533.5,6512.5
0,6503.5,6517.5,6518.0,6489.0
0,6503.0,6503.5,6508.5,6488.5
0,6513.0,6503.5,6527.0,6500.5
0,6506.5,6513.5,6513.5,6500.5
0,6516.5,6506.5,6541.5,6506.0
0,6499.5,6517.0,6522.5,6485.0
0,6532.5,6500.0,6533.0,6493.5
0,6537.0,6532.5,6544.0,6525.5
0,6530.0,6537.0,6544.0,6523.0
0,6523.0,6529.5,6530.0,6520.0
0,6536.0,6523.5,6537.0,6520.0
0,6524.0,6535.5,6538.0,6522.5
0,6523.0,6523.5,6528.0,6522.5
0,6537.0,6534.5,6540.5,6531.5
0,6526.5,6537.0,6542.5,6511.5
0,6526.0,6526.5,6538.0,6521.0
0,6517.5,6526.5,6527.5,6515.5
0,6509.0,6517.0,6518.5,6497.5
0,6504.0,6509.0,6513.0,6499.0
0,6489.5,6504.5,6507.5,6482.5
0,6497.5,6489.5,6500.5,6485.5
0,6523.5,6497.0,6535.5,6493.0
0,6524.0,6523.0,6529.0,6515.0
0,6519.0,6524.5,6527.0,6517.0
0,6522.0,6518.5,6527.5,6518.5
0,6519.0,6521.5,6525.0,6515.0
0,6526.0,6518.5,6528.5,6514.0
0,6526.5,6526.5,6528.0,6521.0
0,6513.5,6508.5,6514.5,6500.0
0,6521.5,6513.5,6536.0,6508.5
0,6508.0,6521.5,6527.5,6493.5
0,6513.0,6508.5,6518.0,6503.5
0,6516.0,6513.0,6526.5,6513.0
0,6507.0,6515.5,6517.0,6503.0
0,6496.5,6506.5,6517.0,6489.5
0,6507.0,6497.0,6512.0,6494.0
0,6507.0,6507.0,6517.0,6486.0
0,6503.5,6507.5,6510.0,6501.0
0,6508.0,6503.5,6509.5,6500.0
0,6506.0,6508.0,6511.5,6502.0
0,6513.0,6505.5,6515.0,6503.5
0,6515.5,6513.0,6519.5,6511.5
0,6515.0,6515.0,6516.5,6513.0
0,6560.0,6568.0,6583.0,6554.5
0,6566.0,6560.5,6568.0,6551.5
0,6559.5,6565.5,6577.0,6556.5
0,6562.5,6559.0,6569.0,6555.0
0,6553.5,6562.5,6565.5,6552.5
0,6509.5,6553.5,6562.0,6503.0
0,6496.0,6509.5,6518.0,6489.0
0,6463.5,6496.0,6510.0,6457.0
0,6463.5,6463.0,6470.5,6438.5
0,6455.5,6463.5,6490.0,6445.0
0,6453.0,6455.5,6463.5,6449.5
0,6460.5,6452.5,6463.5,6452.5
0,6465.5,6460.5,6469.0,6458.5
0,6466.0,6465.5,6466.5,6453.5
0,6463.0,6466.5,6468.0,6461.5
0,6480.5,6489.0,6491.0,6476.0
0,6488.5,6481.0,6501.5,6476.0
0,6504.0,6489.0,6504.5,6480.0
0,6504.0,6504.5,6509.5,6496.0
0,6499.0,6503.0,6509.0,6496.5
0,6493.5,6499.0,6499.5,6488.5
0,6482.5,6493.0,6505.0,6481.0
0,6488.0,6482.0,6490.0,6472.5
0,6542.0,6488.0,6544.0,6485.0
0,6544.5,6542.0,6555.5,6541.0
0,6545.0,6544.5,6545.5,6539.0
0,6542.0,6545.0,6545.5,6537.5
0,6555.0,6542.5,6558.5,6540.0
0,6569.5,6555.0,6572.5,6555.0
0,6565.0,6569.5,6569.5,6563.0
0,6537.0,6548.5,6553.0,6536.0
0,6556.0,6537.0,6561.0,6533.5
0,6565.0,6556.0,6569.5,6551.0
0,6578.0,6565.5,6594.5,6559.0
0,6577.5,6578.0,6581.5,6566.5
0,6581.5,6577.5,6586.0,6576.0
0,6583.5,6580.5,6591.0,6568.5
0,6569.0,6583.5,6591.0,6564.5
0,6561.0,6569.0,6578.5,6560.0
0,6533.0,6561.0,6565.5,6526.0
0,6537.5,6533.0,6539.0,6530.5
0,6535.5,6537.5,6538.0,6525.5
0,6560.0,6535.0,6576.5,6520.0
0,6536.5,6559.0,6562.5,6520.0
0,6533.0,6536.5,6537.0,6530.0
0,6555.5,6558.0,6559.0,6543.0
0,6489.0,6555.5,6556.5,6469.0
0,6476.0,6489.0,6492.0,6446.5
0,6476.5,6476.0,6482.0,6466.0
0,6472.5,6476.5,6491.0,6472.5
0,6470.0,6473.0,6477.5,6456.5
0,6480.5,6470.0,6484.0,6465.0
0,6507.0,6480.5,6521.0,6476.0
0,6482.0,6507.0,6514.0,6470.0
0,6474.5,6481.5,6494.0,6452.5
0,6470.5,6473.5,6481.0,6470.0
0,6478.0,6470.5,6479.5,6466.0
0,6482.5,6478.5,6486.0,6470.5
0,6479.5,6481.5,6488.0,6472.5
0,6480.5,6479.0,6482.0,6478.0
0,6500.5,6508.5,6510.5,6499.0
0,6476.0,6501.5,6519.0,6473.5
0,6413.5,6476.0,6487.0,6406.0
0,6424.0,6413.5,6432.0,6406.5
0,6413.5,6425.0,6432.0,6411.5
0,6411.5,6414.0,6420.5,6401.5
0,6388.5,6411.0,6420.0,6381.5
0,6395.5,6388.0,6403.5,6382.5
0,6418.0,6395.5,6441.0,6385.5
0,6435.0,6417.5,6443.5,6409.0
0,6436.5,6435.0,6442.0,6430.0
0,6436.5,6436.5,6441.0,6431.5
0,6420.5,6436.5,6439.5,6418.0
0,6404.5,6420.5,6421.5,6395.0
0,6407.0,6404.0,6410.0,6404.0
0,6421.0,6427.0,6427.0,6413.5
0,6417.5,6420.5,6437.0,6415.5
0,6416.5,6417.0,6446.0,6406.5
0,6427.0,6416.5,6432.5,6413.0
0,6411.5,6427.0,6427.0,6397.5
0,6431.0,6411.0,6434.0,6410.5
0,6499.5,6431.0,6509.0,6430.0
0,6521.5,6499.5,6532.0,6491.5
0,6551.5,6521.0,6565.5,6515.0
0,6548.0,6551.0,6554.0,6542.0
0,6548.5,6548.0,6552.0,6544.0
0,6550.0,6548.5,6557.0,6547.0
0,6557.5,6550.5,6559.5,6546.0
0,6561.0,6557.5,6564.0,6551.5
0,6563.0,6560.5,6564.5,6557.5
0,6567.0,6577.5,6585.0,6564.0
0,6573.5,6567.0,6578.0,6555.5
0,6562.0,6573.5,6575.0,6553.5
0,6566.5,6563.0,6571.0,6554.5
0,6556.5,6566.5,6568.5,6550.5
0,6557.0,6556.5,6564.5,6553.5
0,6559.0,6557.5,6564.5,6544.0
0,6538.5,6559.0,6569.0,6527.5
0,6542.0,6538.5,6548.5,6531.5
0,6533.0,6542.0,6543.5,6525.5
0,6538.0,6533.0,6540.5,6531.5
0,6546.5,6538.0,6547.5,6533.0
0,6551.0,6547.0,6553.0,6544.5
0,6530.0,6550.5,6551.5,6529.0
0,6531.5,6529.0,6532.0,6526.0
0,6513.5,6535.0,6539.0,6512.0
0,6473.0,6514.0,6519.0,6453.0
0,6478.0,6473.5,6479.0,6461.0
0,6544.0,6478.0,6548.5,6464.0
0,6542.5,6544.5,6567.0,6535.5
0,6543.0,6543.0,6546.5,6533.5
0,6556.5,6543.0,6558.5,6538.0
0,6491.5,6557.0,6558.5,6480.5
0,6506.5,6492.0,6523.0,6450.0
0,6525.0,6507.0,6536.0,6505.5
0,6527.5,6525.0,6533.5,6508.5
0,6534.5,6528.0,6534.5,6508.5
0,6514.5,6534.0,6541.0,6510.0
0,6543.0,6514.0,6545.0,6511.0
0,6542.5,6543.5,6544.0,6538.0
0,6551.5,6531.0,6556.0,6530.5
0,6531.0,6553.0,6581.5,6518.0
0,6488.0,6530.5,6532.0,6475.0
0,6534.0,6487.5,6537.5,6481.0
0,6516.0,6534.0,6536.0,6503.5
0,6525.0,6516.5,6532.0,6499.0
0,6513.5,6525.0,6548.5,6507.5
0,6504.5,6513.5,6533.0,6502.5
0,6489.5,6504.5,6517.5,6478.0
0,6508.5,6489.0,6512.0,6478.0
0,6511.5,6509.0,6514.0,6503.0
0,6505.5,6510.5,6511.0,6498.0
0,6513.5,6506.0,6518.0,6506.0
0,6495.0,6513.5,6519.0,6486.5
0,6498.5,6495.5,6500.5,6495.0
0,6468.5,6476.5,6477.5,6438.5
0,6479.0,6468.5,6489.5,6458.0
0,6472.0,6478.5,6504.5,6466.0
0,6492.0,6471.5,6499.0,6462.5
0,6477.0,6492.0,6493.0,6473.0
0,6483.0,6476.5,6487.5,6475.0
0,6521.5,6483.5,6532.5,6470.0
0,6570.0,6522.0,6593.0,6521.0
0,6542.5,6569.5,6573.0,6540.5
0,6482.0,6542.0,6542.5,6466.0
0,6490.0,6481.5,6493.0,6463.0
0,6490.0,6490.5,6498.0,6487.0
0,6500.0,6490.0,6502.5,6480.5
0,6487.5,6500.5,6504.0,6481.5
0,6483.5,6488.0,6489.5,6483.0
0,6497.5,6495.0,6509.0,6487.5
0,6507.5,6497.5,6549.0,6482.0
0,6519.5,6508.0,6540.0,6507.0
0,6530.5,6519.5,6547.0,6515.0
0,6520.5,6531.0,6542.0,6520.0
0,6500.5,6521.0,6521.0,6467.5
0,6516.0,6500.5,6525.5,6500.0
0,6511.5,6515.5,6536.0,6511.0
0,6461.0,6512.0,6541.5,6440.0
0,6474.0,6460.5,6485.0,6447.5
0,6471.5,6474.0,6478.0,6460.5
0,6469.5,6471.5,6478.5,6462.5
0,6474.5,6470.0,6482.0,6469.5
0,6472.0,6474.5,6484.0,6471.5
0,6474.5,6471.5,6476.0,6471.0
0,6474.5,6462.0,6479.0,6462.0
0,6413.5,6474.0,6474.5,6377.5
0,6401.0,6413.5,6417.0,6390.0
0,6404.0,6400.0,6405.5,6387.0
0,6404.5,6404.0,6414.0,6395.0
0,6413.0,6404.0,6423.0,6399.5
0,6404.5,6413.5,6416.5,6397.0
0,6417.0,6405.0,6438.0,6403.5
0,6407.5,6416.5,6435.0,6398.0
0,6390.5,6406.5,6408.5,6382.0
0,6377.5,6390.5,6393.0,6363.5
0,6386.5,6377.0,6388.0,6376.0
0,6386.5,6385.5,6391.0,6376.5
0,6383.0,6386.5,6393.0,6381.5
0,6389.5,6383.5,6389.5,6381.0
0,6396.5,6409.0,6413.0,6392.5
0,6401.0,6396.5,6404.5,6370.0
0,6403.5,6401.5,6415.5,6385.5
0,6398.0,6403.0,6412.5,6396.0
0,6392.5,6398.5,6401.5,6381.5
0,6392.5,6391.5,6398.0,6387.0
0,6435.5,6392.0,6438.5,6385.0
0,6448.5,6436.0,6458.0,6433.0
0,6486.0,6448.0,6489.0,6442.0
0,6476.0,6486.5,6486.5,6464.5
0,6482.0,6476.0,6484.0,6473.0
0,6494.5,6482.5,6500.0,6481.0
0,6495.0,6494.0,6503.0,6492.5
0,6503.5,6495.5,6516.5,6495.5
0,6503.5,6503.0,6505.0,6500.5
0,6501.0,6499.0,6506.5,6495.5
0,6513.0,6501.0,6524.5,6500.0
0,6542.5,6513.0,6544.0,6505.0
0,6534.0,6542.5,6543.0,6528.0
0,6519.0,6533.5,6542.0,6518.0
0,6533.0,6519.5,6535.0,6509.5
0,6508.0,6533.0,6538.5,6495.0
0,6519.5,6507.5,6526.5,6505.5
0,6504.0,6519.0,6533.0,6501.0
0,6521.5,6504.5,6526.0,6501.5
0,6511.0,6521.5,6523.0,6507.5
0,6506.5,6511.5,6513.5,6497.5
0,6513.5,6506.0,6515.5,6502.5
0,6512.5,6513.5,6517.0,6505.0
0,6517.0,6513.0,6517.0,6512.0
0,6527.5,6505.5,6533.0,6505.5
0,6509.5,6528.0,6535.5,6487.5
0,6517.0,6509.5,6545.5,6507.5
0,6515.0,6517.5,6528.0,6507.0
0,6530.5,6515.5,6541.5,6514.0
0,6528.5,6530.5,6539.5,6528.0
0,6565.5,6528.5,6577.5,6523.5
0,6526.0,6565.0,6568.0,6512.5
0,6530.5,6526.0,6546.5,6512.0
0,6523.5,6530.5,6535.5,6516.5
0,6507.0,6524.0,6526.5,6499.0
0,6517.0,6506.5,6518.0,6504.5
0,6525.5,6516.5,6531.5,6516.5
0,6530.0,6525.5,6533.0,6521.5
0,6528.0,6529.5,6530.5,6524.5
0,6521.0,6538.0,6540.0,6519.5
0,6523.0,6521.0,6532.5,6508.5
0,6513.5,6522.5,6529.5,6510.5
0,6514.5,6513.0,6520.0,6504.5
0,6506.0,6514.5,6516.5,6500.0
0,6517.5,6505.5,6518.5,6503.5
0,6508.5,6518.0,6550.5,6490.0
0,6536.0,6508.5,6543.5,6497.5
0,6530.5,6536.0,6542.0,6514.0
0,6542.5,6531.5,6552.5,6531.0
0,6547.5,6542.5,6551.5,6538.0
0,6542.5,6548.0,6548.5,6539.0
0,6544.0,6541.5,6547.0,6532.5
0,6556.0,6544.0,6559.0,6542.0
0,6552.5,6556.0,6557.5,6550.5
0,6552.0,6550.0,6557.0,6546.5
0,6547.5,6552.5,6568.0,6542.0
0,6560.0,6547.0,6563.5,6540.0
0,6556.0,6559.5,6562.0,6551.5
0,6560.5,6556.0,6561.0,6552.5
0,6559.5,6560.5,6562.0,6555.5
0,6559.5,6559.5,6561.5,6557.0
0,6560.0,6560.0,6564.0,6554.5
0,6564.5,6559.5,6580.0,6557.5
0,6565.0,6565.0,6567.5,6557.5
0,6565.5,6564.5,6568.5,6562.5
0,6569.0,6565.5,6569.5,6564.0
0,6565.5,6568.5,6568.5,6564.0
0,6561.0,6565.0,6565.0,6551.0
0,6562.5,6561.0,6562.5,6560.0
0,6526.5,6523.0,6529.0,6514.0
0,6514.5,6526.5,6530.5,6505.0
0,6493.5,6514.0,6515.0,6475.0
0,6525.0,6493.0,6536.0,6492.0
0,6531.5,6525.0,6533.0,6520.5
0,6549.0,6531.5,6555.0,6526.5
0,6558.5,6549.0,6559.5,6542.5
0,6518.5,6557.5,6564.5,6511.0
0,6560.0,6519.0,6563.5,6518.5
0,6556.5,6560.5,6571.5,6554.0
0,6553.0,6556.0,6562.0,6551.5
0,6553.5,6552.5,6557.5,6551.5
0,6570.5,6554.0,6579.0,6552.5
0,6582.5,6570.0,6586.5,6564.0
0,6578.5,6582.5,6582.5,6576.0
0,6598.5,6574.5,6607.5,6574.5
0,6618.5,6599.0,6623.5,6588.0
0,6644.5,6619.0,6661.0,6616.0
0,6652.0,6644.0,6657.5,6643.5
0,6647.0,6652.0,6653.5,6644.0
0,6672.0,6647.0,6677.5,6645.0
0,6675.0,6672.0,6692.5,6663.0
0,6671.5,6675.0,6677.5,6652.0
0,6693.0,6671.0,6695.0,6669.5
0,6690.5,6693.5,6711.5,6685.0
0,6696.5,6691.0,6700.0,6689.5
0,6695.5,6696.0,6702.0,6692.0
0,6695.0,6696.0,6703.0,6692.5
0,6685.0,6695.5,6699.0,6683.5
0,6683.0,6684.0,6685.0,6681.5
0,6712.0,6705.0,6717.5,6703.0
0,6735.0,6711.5,6738.0,6697.5
0,6723.0,6735.5,6739.5,6715.5
0,6722.0,6723.0,6731.0,6720.0
0,6719.0,6721.5,6726.5,6707.0
0,6726.0,6719.5,6728.0,6712.0
0,6720.5,6725.5,6731.5,6712.0
0,6716.0,6720.0,6720.0,6698.0
0,6717.5,6716.0,6723.0,6698.0
0,6709.0,6718.0,6719.5,6701.0
0,6709.0,6709.0,6713.0,6701.0
0,6712.0,6709.0,6712.5,6699.0
0,6705.0,6712.5,6714.0,6700.5
0,6714.5,6704.5,6714.5,6695.5
0,6714.0,6714.0,6715.0,6712.5
0,6737.5,6731.0,6742.0,6723.0
0,6730.0,6737.5,6745.0,6724.5
0,6732.0,6729.5,6736.5,6716.5
0,6726.0,6732.0,6734.0,6722.5
0,6720.5,6726.0,6731.5,6712.0
0,6728.0,6720.5,6735.5,6717.5
0,6757.0,6728.0,6768.5,6725.0
0,6734.5,6756.5,6758.5,6731.5
0,6730.0,6733.5,6748.5,6692.0
0,6738.5,6730.0,6751.0,6726.5
0,6742.0,6738.5,6747.0,6731.5
0,6742.0,6741.5,6746.5,6736.5
0,6748.0,6742.0,6753.0,6736.0
0,6760.5,6748.0,6761.5,6743.0
0,6760.0,6760.5,6761.5,6756.0
0,6718.5,6721.0,6726.0,6715.5
0,6733.5,6718.5,6738.5,6712.0
0,6738.5,6733.5,6742.5,6716.0
0,6762.0,6739.0,6769.5,6734.5
0,6769.0,6761.5,6778.5,6758.5
0,6766.0,6769.5,6772.0,6763.0
0,6772.5,6765.5,6780.0,6758.5
0,6782.5,6772.0,6789.5,6756.5
0,6783.5,6782.0,6789.0,6771.5
0,6766.5,6784.0,6785.0,6762.0
0,6772.0,6766.5,6776.5,6766.5
0,6776.5,6772.5,6779.0,6770.0
0,6783.5,6776.5,6786.5,6774.0
0,6795.0,6783.5,6806.5,6782.5
0,6796.0,6796.0,6797.0,6793.0
0,6773.0,6761.5,6778.5,6760.0
0,6784.5,6772.5,6791.0,6759.0
0,6779.5,6785.0,6789.0,6777.0
0,6787.5,6779.0,6799.0,6777.5
0,6789.5,6787.5,6801.0,6778.0
0,6760.0,6789.5,6794.5,6751.0
0,6762.5,6759.5,6775.0,6753.0
0,6726.0,6762.0,6762.0,6726.0
0,6751.5,6726.5,6763.5,6726.5
0,6754.0,6751.5,6758.0,6740.5
0,6748.0,6754.5,6760.5,6746.0
0,6737.5,6748.5,6752.5,6736.5
0,6726.0,6737.5,6738.0,6708.0
0,6726.5,6726.0,6727.5,6709.5
0,6733.0,6726.0,6733.5,6726.0
0,6732.5,6744.5,6752.0,6728.0
0,6735.5,6732.5,6742.5,6722.0
0,6746.0,6735.5,6747.0,6716.0
0,6758.0,6746.5,6759.0,6745.5
0,6765.5,6757.5,6766.5,6750.0
0,6761.0,6765.5,6768.5,6757.5
0,6752.5,6760.5,6768.5,6751.5
0,6762.5,6752.0,6772.5,6745.5
0,6771.5,6763.0,6780.5,6747.0
0,6777.5,6772.0,6783.5,6765.0
0,6784.0,6777.5,6789.0,6774.0
0,6783.0,6783.5,6789.0,6779.5
0,6785.5,6783.0,6791.0,6777.0
0,6778.0,6785.5,6791.5,6777.0
0,6783.0,6777.5,6783.0,6777.0
0,6769.0,6770.0,6780.5,6767.0
0,6795.5,6769.0,6808.5,6759.0
0,6802.5,6796.0,6813.0,6795.5
0,6817.0,6802.5,6818.5,6800.5
0,6825.5,6817.0,6833.5,6814.0
0,6844.0,6825.0,6848.5,6824.0
0,6832.5,6844.0,6847.5,6829.5
0,6834.0,6833.0,6848.5,6824.0
0,6864.0,6834.5,6876.5,6831.0
0,6848.5,6864.0,6871.5,6843.5
0,6845.0,6848.5,6856.0,6842.0
0,6824.0,6844.5,6850.5,6821.5
0,6835.0,6824.0,6837.0,6811.5
0,6844.0,6835.5,6846.5,6830.5
0,6849.0,6844.0,6849.5,6843.5
0,6851.5,6859.0,6860.0,6849.0
0,6863.0,6851.5,6863.0,6840.5
0,6850.5,6862.5,6870.5,6845.0
0,6854.5,6850.0,6858.5,6849.0
0,6860.5,6854.5,6863.5,6853.0
0,6867.0,6861.0,6874.5,6858.5
0,6873.0,6867.0,6874.0,6867.0
0,6861.0,6872.5,6878.0,6858.0
0,6870.5,6861.0,6872.0,6856.0
0,6861.5,6870.5,6871.5,6856.5
0,6866.0,6862.0,6869.0,6860.0
0,6864.5,6865.5,6868.0,6864.0
0,6866.0,6864.5,6869.0,6863.0
0,6869.5,6866.0,6871.5,6864.0
0,6871.5,6869.5,6871.5,6868.0
0,6909.5,6912.5,6929.0,6906.0
0,6897.5,6910.0,6911.5,6893.0
0,6908.5,6898.0,6914.5,6898.0
0,6903.0,6908.5,6910.5,6900.0
0,6901.5,6903.5,6907.5,6901.5
0,6899.5,6902.0,6904.5,6896.5
0,6894.0,6899.0,6903.0,6888.0
0,6909.5,6894.5,6911.5,6893.0
0,6893.5,6909.5,6923.5,6887.5
0,6892.5,6894.0,6900.0,6880.0
0,6888.5,6892.5,6895.5,6881.5
0,6894.5,6888.5,6899.5,6887.0
0,6897.0,6895.0,6903.0,6891.5
0,6891.0,6896.5,6904.5,6884.5
0,6892.0,6891.5,6892.0,6888.0
0,6889.5,6894.5,6895.0,6886.0
0,6866.0,6889.0,6901.0,6863.0
0,6877.5,6865.5,6884.5,6856.0
0,6874.5,6877.5,6880.0,6866.0
0,6888.5,6874.5,6894.0,6873.5
0,6871.5,6888.5,6889.5,6869.0
0,6861.0,6871.5,6875.5,6846.5
0,6843.5,6861.5,6862.0,6833.0
0,6865.0,6844.5,6872.0,6841.0
0,6875.0,6865.5,6882.5,6863.5
0,6872.0,6875.5,6879.5,6870.5
0,6869.0,6872.0,6877.0,6868.5
0,6872.0,6869.5,6873.0,6859.0
0,6880.0,6872.5,6884.0,6871.5
0,6886.5,6880.0,6887.0,6879.5
0,6846.5,6858.0,6864.5,6846.0
0,6843.5,6846.5,6850.5,6821.0
0,6845.5,6843.5,6856.5,6841.5
0,6872.0,6845.0,6882.5,6840.5
0,6880.0,6872.5,6884.0,6867.0
0,6872.5,6880.5,6880.5,6869.5
0,6848.5,6873.0,6877.0,6843.0
0,6859.5,6849.0,6866.5,6843.5
0,6835.5,6859.0,6874.5,6823.5
0,6830.5,6836.0,6836.0,6807.5
0,6822.5,6831.0,6831.0,6818.5
0,6828.0,6822.5,6830.5,6818.0
0,6839.0,6827.5,6840.5,6827.5
0,6853.0,6839.0,6854.0,6837.0
0,6851.5,6852.5,6855.0,6850.0
0,6859.5,6856.0,6868.0,6854.0
0,6848.0,6860.0,6861.5,6837.0
0,6857.0,6848.5,6858.0,6840.0
0,6879.5,6857.5,6888.0,6855.5
0,6863.0,6879.5,6879.5,6858.0
0,6859.5,6863.5,6865.0,6852.0
0,6888.0,6859.5,6902.5,6859.0
0,6873.0,6888.0,6888.5,6866.5
0,6846.5,6873.0,6878.0,6830.0
0,6848.5,6846.5,6858.0,6842.0
0,6845.5,6848.5,6848.5,6836.0
0,6855.0,6845.5,6861.5,6840.5
0,6857.0,6854.5,6859.5,6851.5
0,6862.5,6857.5,6865.0,6851.5
0,6860.5,6862.0,6863.0,6860.0
0,6838.0,6828.5,6842.0,6825.5
0,6847.0,6837.5,6856.5,6832.5
0,6827.5,6846.5,6849.5,6823.0
0,6833.0,6828.5,6837.0,6827.0
0,6837.0,6833.0,6844.0,6831.0
0,6842.5,6837.5,6843.5,6828.0
0,6862.0,6842.0,6867.0,6831.0
0,6873.0,6862.5,6879.5,6858.0
0,6867.5,6872.5,6885.0,6858.0
0,6855.0,6867.0,6873.0,6845.5
0,6865.0,6856.5,6869.0,6855.0
0,6868.0,6865.5,6868.5,6859.5
0,6865.0,6868.5,6872.0,6862.0
0,6866.0,6865.0,6872.5,6860.5
0,6868.5,6866.0,6869.0,6864.0
0,6903.0,6911.5,6920.0,6902.5
0,6918.0,6903.0,6925.0,6891.0
0,6880.0,6918.0,6922.5,6877.0
0,6877.0,6879.5,6883.0,6838.5
0,6870.0,6877.0,6881.0,6865.5
0,6872.0,6870.0,6874.5,6858.5
0,6872.5,6872.0,6882.5,6869.0
0,6876.0,6872.5,6894.0,6867.5
0,6852.5,6875.5,6879.0,6840.0
0,6846.5,6852.5,6859.5,6842.5
0,6855.0,6846.5,6856.5,6843.0
0,6833.0,6855.0,6855.0,6829.0
0,6835.0,6833.0,6837.5,6810.5
0,6842.0,6834.5,6846.0,6834.0
0,6844.0,6842.5,6845.5,6841.5
0,6850.0,6854.5,6857.0,6848.0
0,6860.0,6849.5,6869.5,6848.0
0,6879.0,6859.5,6883.5,6855.0
0,6887.0,6878.5,6889.0,6868.0
0,6910.0,6887.5,6914.0,6882.5
0,6907.0,6910.0,6924.0,6902.5
0,6915.0,6907.0,6921.5,6903.5
0,6903.0,6915.0,6917.0,6891.0
0,6904.5,6903.5,6916.0,6900.0
0,6908.5,6904.0,6912.0,6903.5
0,6917.0,6908.5,6917.0,6908.0
0,6909.0,6917.5,6920.5,6906.5
0,6918.0,6908.5,6919.0,6908.5
0,6928.0,6918.0,6928.5,6913.0
0,6925.0,6927.0,6928.0,6923.0
0,6921.5,6919.0,6933.5,6913.0
0,6909.0,6922.0,6928.0,6904.5
0,6925.5,6909.0,6930.0,6908.5
0,6925.5,6926.0,6933.0,6922.5
0,6927.5,6925.5,6927.5,6920.0
0,6927.0,6927.5,6938.5,6921.0
0,6910.0,6927.5,6927.5,6903.5
0,6905.0,6910.5,6922.0,6899.5
0,6878.5,6905.5,6906.5,6872.0
0,6873.0,6879.0,6880.5,6856.5
0,6880.5,6873.0,6884.0,6871.5
0,6888.0,6880.0,6903.0,6853.5
0,6892.0,6887.0,6901.0,6883.5
0,6903.5,6892.5,6913.5,6891.0
0,6909.0,6903.5,6909.0,6902.5
0,6919.5,6915.5,6924.0,6910.0
0,6953.0,6919.5,6969.5,6917.0
0,6963.5,6953.0,6966.0,6950.5
0,6973.0,6963.5,6983.5,6960.0
0,6973.5,6972.5,6974.0,6966.5
0,6983.0,6973.5,6993.0,6969.5
0,6988.5,6983.0,6989.0,6977.0
0,6987.0,6989.0,6992.0,6971.5
0,6989.5,6986.5,7011.5,6984.0
0,6981.5,6989.5,6990.5,6979.5
0,6991.0,6981.5,6993.0,6981.5
0,6986.5,6990.5,6991.5,6983.0
0,6999.5,6987.0,7002.0,6986.0
0,7000.5,6999.5,7005.0,6999.0
0,7001.5,7001.0,7002.5,6999.0
0,7002.0,6990.0,7002.5,6989.5
0,6986.0,7002.0,7006.5,6985.0
0,6983.5,6986.0,6996.0,6981.0
0,6976.5,6983.5,6996.0,6968.5
0,6985.0,6977.0,6992.5,6965.0
0,7008.5,6985.0,7031.0,6980.5
0,7003.5,7008.5,7013.0,6998.0
0,7025.5,7003.5,7026.5,7001.5
0,7008.5,7026.5,7028.5,7005.5
0,7008.0,7008.5,7011.0,6997.0
0,7012.0,7008.0,7018.0,7007.5
0,7009.0,7012.0,7013.5,7002.5
0,7018.0,7008.5,7020.0,7006.0
0,7012.0,7018.0,7019.0,7011.0
0,7012.5,7011.5,7013.5,7010.5
0,6995.0,6998.5,7004.0,6983.0
0,6997.0,6994.5,7008.0,6990.5
0,7000.5,6996.5,7002.0,6980.5
0,6991.0,7000.5,7009.5,6986.0
0,6998.5,6991.5,7004.0,6988.5
0,6994.0,6998.0,7004.0,6992.5
0,6996.5,6994.0,6998.0,6989.0
0,6993.0,6996.5,6999.0,6989.5
0,7004.5,6992.5,7012.0,6986.0
0,7007.5,7004.5,7008.0,6995.0
0,7008.5,7007.0,7014.5,7006.0
0,7013.5,7008.5,7015.0,7008.5
0,7015.0,7014.0,7019.5,7012.0
0,7017.0,7015.5,7021.0,7013.0
0,7019.0,7016.5,7020.0,7015.0
0,6994.0,6998.5,7003.0,6989.0
0,7010.5,6994.5,7016.0,6985.5
0,7024.5,7010.0,7026.5,7007.0
0,7043.5,7025.0,7056.0,7025.0
0,7048.5,7043.5,7051.5,7043.0
0,7051.0,7048.0,7056.0,7046.5
0,7050.0,7051.5,7052.5,7043.5
0,7042.5,7050.0,7052.0,7038.0
0,7043.0,7042.5,7063.5,7040.0
0,7039.5,7043.5,7046.5,7032.0
0,7034.0,7039.5,7039.5,7029.0
0,7028.0,7034.0,7040.5,7020.5
0,7033.5,7027.5,7037.5,7026.0
0,7003.5,7033.5,7035.0,6998.5
0,7011.0,7003.0,7013.5,7002.5
0,7021.0,7020.5,7028.5,7016.5
0,7022.0,7021.0,7036.0,7014.0
0,7017.5,7022.0,7029.5,7006.5
0,7014.5,7017.5,7023.5,7004.5
0,7016.0,7014.5,7023.5,7004.0
0,7013.0,7015.5,7023.0,7009.0
0,7017.5,7013.0,7023.5,7004.5
0,6985.0,7017.5,7021.0,6974.5
0,6962.5,6985.5,6985.5,6935.0
0,6985.5,6963.0,6988.5,6957.5
0,6996.5,6986.0,7002.5,6986.0
0,6992.5,6995.5,7004.5,6981.0
0,7006.0,6992.5,7007.0,6992.5
0,7001.0,7005.5,7005.5,6996.5
0,7009.0,7001.0,7011.0,7000.5
0,7008.0,7001.5,7013.5,6999.0
0,6966.0,7007.5,7011.0,6962.5
0,6976.5,6966.5,6982.0,6953.0
0,6995.5,6975.5,7003.0,6973.5
0,6967.5,6995.5,7001.5,6962.0
0,6966.0,6968.0,6979.0,6963.5
0,6958.5,6966.0,6976.0,6957.5
0,6968.0,6958.5,6974.5,6955.5
0,6973.0,6967.0,6992.5,6961.0
0,6986.5,6973.5,6987.5,6973.0
0,6985.0,6986.0,6992.5,6982.5
0,6993.5,6985.5,6995.5,6982.0
0,6992.0,6993.0,7004.0,6989.5
0,6992.5,6991.5,6996.5,6985.5
0,6994.0,6991.5,6995.0,6990.0
0,6910.0,6926.0,6926.5,6881.0
0,6913.0,6910.0,6914.5,6870.5
0,6923.5,6913.5,6928.0,6902.5
0,6977.5,6923.5,6993.0,6922.5
0,6963.5,6977.0,6984.0,6947.5
0,6967.0,6964.5,6983.0,6962.5
0,6973.5,6967.0,6975.0,6960.0
0,7006.0,6973.5,7010.0,6967.0
0,6968.0,7006.0,7012.5,6967.5
0,6976.5,6967.5,6989.0,6965.0
0,6959.5,6976.5,6982.5,6953.0
0,6956.5,6959.5,6972.5,6954.5
0,6968.5,6957.0,6969.0,6948.0
0,6969.5,6968.0,6976.0,6962.5
0,6969.0,6969.5,6976.0,6968.5
0,6960.0,6955.0,6963.5,6948.5
0,6952.5,6960.0,6961.5,6930.0
0,6978.0,6953.0,6987.0,6946.0
0,6978.5,6978.0,6992.0,6973.5
0,6999.0,6979.0,7004.0,6977.0
0,7024.0,6998.5,7028.0,6996.0
0,7030.0,7024.5,7041.0,7022.0
0,7048.5,7030.0,7065.5,7027.5
0,7044.0,7049.0,7052.0,7033.0
0,7049.5,7044.5,7052.5,7027.0
0,7047.5,7050.5,7054.0,7038.5
0,7048.0,7047.5,7050.0,7040.5
0,7044.0,7047.5,7047.5,7034.5
0,7033.0,7044.0,7044.5,7032.0
0,7031.0,7032.5,7037.0,7030.0
0,7013.0,7006.0,7015.0,6995.0
0,7003.5,7013.0,7017.5,6992.0
0,7005.0,7003.5,7014.5,6996.5
0,7004.0,7004.5,7021.5,6999.5
0,6982.0,7004.5,7009.0,6977.0
0,6992.0,6981.5,6997.0,6979.0
0,6988.5,6992.5,7005.0,6986.5
0,6963.5,6989.0,6995.5,6963.0
0,6947.0,6964.0,6983.5,6940.0
0,6915.0,6947.0,6947.0,6899.5
0,6914.5,6915.0,6924.0,6905.0
0,6925.5,6914.0,6927.0,6909.5
0,6916.5,6926.0,6929.0,6907.0
0,6917.0,6916.5,6919.0,6902.0
0,6919.0,6917.5,6921.0,6917.0
0,6906.5,6920.0,6922.0,6906.5
0,6930.5,6907.0,6934.5,6905.0
0,6932.5,6930.5,6948.0,6930.0
0,6948.0,6931.5,6952.0,6928.0
0,6933.5,6948.5,6953.0,6933.0
0,6941.0,6934.0,6944.0,6926.5
0,6934.5,6940.0,6947.0,6930.5
0,6943.0,6934.5,6944.5,6924.5
0,6948.0,6943.0,6956.5,6935.5
0,6951.0,6948.0,6955.5,6938.0
0,6952.5,6950.5,6959.0,6947.5
0,6951.0,6952.0,6957.5,6948.0
0,6951.5,6952.5,6957.5,6950.0
0,6950.5,6952.0,6953.5,6936.5
0,6949.0,6950.5,6951.0,6946.5
0,7014.5,7005.5,7033.0,7005.5
0,7046.5,7015.0,7052.0,7004.5
0,7043.0,7046.5,7048.0,7037.5
0,7040.0,7043.5,7047.5,7038.5
0,7046.0,7040.5,7048.5,7039.0
0,7042.5,7046.0,7047.0,7039.5
0,7045.5,7042.0,7050.0,7041.5
0,7044.0,7045.5,7051.5,7036.0
0,7079.0,7043.5,7086.5,7040.5
0,7077.0,7079.5,7084.5,7071.0
0,7079.0,7077.0,7081.5,7076.0
0,7080.0,7079.0,7082.5,7076.5
0,7083.5,7079.5,7084.0,7077.5
0,7080.5,7084.0,7085.0,7074.0
0,7086.5,7080.5,7087.5,7080.0
0,7091.5,7090.0,7102.0,7088.0
0,7098.5,7091.5,7106.0,7085.0
0,7081.0,7098.0,7098.5,7073.5
0,7078.5,7080.5,7084.0,7064.5
0,7074.5,7078.5,7078.5,7058.5
0,7060.0,7074.5,7082.5,7054.0
0,7065.0,7060.5,7071.5,7055.0
0,7047.0,7065.0,7071.5,7043.5
0,7079.5,7047.0,7082.5,7044.5
0,7095.0,7079.5,7098.5,7076.0
0,7096.0,7095.0,7096.5,7088.5
0,7096.0,7096.5,7099.5,7094.5
0,7102.5,7095.5,7103.0,7095.5
0,7105.0,7102.5,7109.5,7096.0
0,7115.0,7104.5,7117.0,7104.5
0,7147.0,7132.5,7149.5,7130.5
0,7134.5,7146.5,7152.5,7130.0
0,7127.0,7134.5,7142.0,7122.5
0,7126.0,7127.0,7132.5,7120.0
0,7113.0,7126.0,7126.5,7108.5
0,7099.0,7112.5,7113.5,7085.0
0,7087.5,7098.0,7101.0,7070.5
0,7091.5,7087.5,7091.5,7067.5
0,7071.0,7091.5,7100.0,7055.0
0,7072.5,7071.5,7080.0,7053.5
0,7053.0,7072.5,7074.0,7042.0
0,7066.0,7052.0,7068.0,7051.0
0,7083.5,7066.0,7086.0,7065.0
0,7093.5,7083.5,7094.5,7079.0
0,7092.0,7093.5,7094.5,7090.0
0,7038.0,7047.0,7057.0,7029.5
0,7032.0,7038.0,7045.0,6996.0
0,7056.0,7031.5,7070.0,7029.5
0,7057.0,7056.0,7062.0,7047.5
0,7055.5,7057.0,7078.0,7048.5
0,7014.5,7056.0,7058.0,6990.5
0,7008.0,7014.5,7027.0,7002.0
0,6980.0,7008.5,7023.0,6980.0
0,6982.5,6980.5,6992.5,6966.0
0,6972.0,6983.0,6987.0,6956.5
0,6986.0,6971.0,6988.0,6970.0
0,6976.0,6986.5,6987.5,6974.0
0,6978.5,6977.0,6981.5,6968.5
0,6970.5,6978.5,6982.5,6968.5
0,6969.0,6970.5,6973.5,6968.0
0,6988.0,6992.5,6993.5,6984.0
0,6965.5,6988.5,6997.0,6952.5
0,6973.0,6965.5,6986.5,6948.5
0,6996.0,6972.5,7003.0,6965.5
0,7033.0,6995.5,7039.5,6992.0
0,7038.5,7032.5,7048.0,7023.5
0,7055.5,7038.5,7066.0,7031.5
0,7067.0,7056.0,7073.5,7049.5
0,7078.0,7067.5,7084.0,7053.5
0,7073.5,7078.0,7081.0,7066.5
0,7085.5,7073.0,7087.5,7072.0
0,7087.5,7085.5,7089.0,7082.0
0,7085.5,7088.0,7089.0,7078.0
0,7095.5,7086.0,7098.0,7084.5
0,7096.5,7095.5,7099.5,7094.0
0,7086.5,7078.5,7092.5,7078.0
0,7082.0,7086.0,7101.0,7070.0
0,7088.5,7082.0,7097.5,7075.5
0,7080.5,7088.5,7093.0,7076.0
0,7087.5,7080.5,7092.0,7080.5
0,7091.0,7086.5,7093.5,7084.0
0,7088.0,7091.0,7092.5,7084.5
0,7091.0,7088.0,7094.5,7084.5
0,7120.0,7091.0,7125.0,7087.5
0,7125.5,7119.5,7134.5,7119.0
0,7128.5,7125.0,7131.0,7125.0
0,7119.5,7128.5,7129.0,7119.0
0,7121.5,7120.0,7121.5,7114.0
0,7122.5,7122.0,7124.5,7122.0
0,7123.5,7123.0,7123.5,7121.5
0,7102.0,7095.0,7107.5,7090.0
0,7110.5,7102.0,7120.0,7089.5
0,7072.0,7110.5,7111.0,7059.0
0,7040.0,7072.0,7072.5,7030.5
0,7041.0,7040.0,7048.5,7026.5
0,7054.0,7041.5,7056.0,7027.0
0,7063.0,7054.5,7082.0,7050.0
0,7096.0,7062.5,7102.0,7061.0
0,7093.0,7095.5,7119.0,7089.0
0,7098.0,7092.0,7108.5,7088.0
0,7098.5,7098.0,7103.5,7093.0
0,7080.5,7098.0,7098.5,7065.0
0,7080.0,7079.5,7082.0,7072.0
0,7083.0,7079.0,7083.5,7078.0
0,7084.5,7083.0,7086.5,7081.5
0,7111.5,7106.5,7116.0,7099.0
