Date,Time,Open,High,Low,Close,Volume
02/16/2024,00:00,0.04662149399518967,0.04662705957889557,0.04662149399518967,0.04662705957889557,0
02/16/2024,00:15,0.04662705957889557,0.04662845656275749,0.04660969600081444,0.04660969600081444,0
02/16/2024,00:30,0.04660969600081444,0.04661772772669792,0.046607788652181625,0.04661772772669792,1
02/16/2024,00:45,0.04661772772669792,0.04662006348371506,0.04661772772669792,0.04662006348371506,0
02/16/2024,01:00,0.04662006348371506,0.04662006348371506,0.04661243408918381,0.04661794751882553,0
02/16/2024,01:15,0.04661794751882553,0.046628713607788086,0.04661618918180466,0.046628713607788086,0
02/16/2024,01:30,0.046628713607788086,0.046628713607788086,0.04661543294787407,0.04661983251571655,0
02/16/2024,01:45,0.04661983251571655,0.04662056639790535,0.04661612957715988,0.04661833122372627,0
02/16/2024,02:00,0.04661833122372627,0.04662836343050003,0.04661131277680397,0.04662836343050003,0
02/16/2024,02:15,0.04662836343050003,0.04663167893886566,0.046627242118120193,0.046627242118120193,0
02/16/2024,02:30,0.046627242118120193,0.04663022235035896,0.04662446305155754,0.04663022235035896,0
02/16/2024,02:45,0.04663022235035896,0.04663468152284622,0.04663022235035896,0.046634361147880554,0
02/16/2024,03:00,0.046634361147880554,0.04664093628525734,0.046634361147880554,0.04664093628525734,0
02/16/2024,03:15,0.04664093628525734,0.04664560407400131,0.04663880914449692,0.046639613807201385,0
02/16/2024,03:30,0.046637821942567825,0.046649474650621414,0.04663573578000069,0.046649474650621414,0
02/16/2024,03:45,0.046649474650621414,0.046650249511003494,0.046644702553749084,0.046645596623420715,0
02/16/2024,04:00,0.046646274626255035,0.04665090888738632,0.046646274626255035,0.04665033891797066,0
02/16/2024,04:15,0.04665033891797066,0.04665033891797066,0.046644795686006546,0.046644795686006546,0
02/16/2024,04:30,0.046644795686006546,0.04664533957839012,0.04664132371544838,0.04664132371544838,0
02/16/2024,04:45,0.04664132371544838,0.04664132371544838,0.046635184437036514,0.046635184437036514,0
02/16/2024,05:00,0.046635184437036514,0.04663718491792679,0.046635184437036514,0.04663718491792679,0
02/16/2024,05:15,0.04663718491792679,0.04663785547018051,0.04663536697626114,0.04663785547018051,0
02/16/2024,05:30,0.046637460589408875,0.046637460589408875,0.046619098633527756,0.0466192327439785,1
02/16/2024,05:45,0.0466192327439785,0.0466192327439785,0.046607606112957,0.046609681099653244,0
02/16/2024,06:00,0.046609681099653244,0.04661150276660919,0.04660821706056595,0.04661094769835472,0
02/16/2024,06:15,0.04661094769835472,0.04661592096090317,0.046610645949840546,0.04661592096090317,0
02/16/2024,06:30,0.04661592096090317,0.04661758616566658,0.046612538397312164,0.046612538397312164,0
02/16/2024,06:45,0.04661128669977188,0.04661128669977188,0.04659230634570122,0.04659230634570122,0
02/16/2024,07:00,0.04659230634570122,0.04659536853432655,0.046589069068431854,0.04659420996904373,0
02/16/2024,07:15,0.04659420996904373,0.0465959832072258,0.046593647450208664,0.0465955026447773,0
02/16/2024,07:30,0.0465955026447773,0.04659855738282204,0.04659081995487213,0.04659081995487213,0
02/16/2024,07:45,0.04659081995487213,0.04659081995487213,0.04658149927854538,0.04658186063170433,0
02/16/2024,08:00,0.04658186063170433,0.04660085588693619,0.046580228954553604,0.04659423604607582,0
02/16/2024,08:15,0.04659423604607582,0.04659556970000267,0.04659203439950943,0.04659325256943703,0
02/16/2024,08:30,0.04659325256943703,0.04660295695066452,0.04659324884414673,0.04660295695066452,0
02/16/2024,08:45,0.04660295695066452,0.04660789668560028,0.046596843749284744,0.046599287539720535,0
02/16/2024,09:00,0.046599287539720535,0.046599287539720535,0.046582818031311035,0.0465850867331028,0
02/16/2024,09:15,0.0465850867331028,0.04659874737262726,0.0465850867331028,0.04659251123666763,0
02/16/2024,09:30,0.04659251123666763,0.04660835862159729,0.04659251123666763,0.04660092294216156,0
02/16/2024,09:45,0.04660092294216156,0.046605587005615234,0.04660092294216156,0.046605587005615234,0
02/16/2024,10:00,0.04659835994243622,0.04660264030098915,0.04659606143832207,0.04660264030098915,0
02/16/2024,10:15,0.04660264030098915,0.04661461338400841,0.04660264030098915,0.046605199575424194,0
02/16/2024,10:30,0.046605199575424194,0.046605199575424194,0.046009741723537445,0.046067655086517334,0
02/16/2024,10:45,0.046067655086517334,0.04612285643815994,0.046040795743465424,0.04612285643815994,1
02/16/2024,11:00,0.04612285643815994,0.04614277929067612,0.046116311103105545,0.046128008514642715,0
02/16/2024,11:15,0.046128008514642715,0.04613399878144264,0.046119559556245804,0.04613399878144264,0
02/16/2024,11:30,0.04613399878144264,0.04616421088576317,0.0461256317794323,0.04616421088576317,0
02/16/2024,11:45,0.04616421088576317,0.04616421088576317,0.04610180854797363,0.046108175069093704,0
02/16/2024,12:00,0.046108175069093704,0.046108175069093704,0.04607374966144562,0.04608233645558357,0
02/16/2024,12:15,0.04608233645558357,0.04612487927079201,0.04608233645558357,0.04609721526503563,0
02/16/2024,12:30,0.04609721526503563,0.04614188149571419,0.04609721526503563,0.046138323843479156,0
02/16/2024,12:45,0.046138323843479156,0.046138323843479156,0.04566212370991707,0.04570451006293297,0
02/16/2024,13:00,0.04570451006293297,0.04572214186191559,0.04569385200738907,0.04569753631949425,0
02/16/2024,13:15,0.04569753631949425,0.04569954425096512,0.04566454142332077,0.04566987231373787,0
02/16/2024,13:30,0.04566987231373787,0.04566987231373787,0.04560122638940811,0.04562430456280708,0
02/16/2024,13:45,0.0456492118537426,0.04566743224859238,0.04563794657588005,0.04565020650625229,0
02/16/2024,14:00,0.04565020650625229,0.045759573578834534,0.045622918754816055,0.045649103820323944,1
02/16/2024,14:15,0.045649103820323944,0.045649103820323944,0.045542072504758835,0.045598048716783524,0
02/16/2024,14:30,0.045598048716783524,0.04569061100482941,0.045594166964292526,0.04569061100482941,1
02/16/2024,14:45,0.04569061100482941,0.04569061100482941,0.04544815048575401,0.045484509319067,0
02/16/2024,15:00,0.045484509319067,0.045484509319067,0.04539871588349342,0.04539871588349342,0
02/16/2024,15:15,0.04539871588349342,0.04539871588349342,0.044767335057258606,0.04481081664562225,0
02/16/2024,15:30,0.04481081664562225,0.04485000669956207,0.044738393276929855,0.044814832508563995,0
02/16/2024,15:45,0.044814832508563995,0.05219476670026779,0.044814832508563995,0.05219476670026779,2
02/16/2024,16:00,0.05221569538116455,0.05476396158337593,0.05221569538116455,0.05476396158337593,0
02/16/2024,16:15,0.05476396158337593,0.05486498400568962,0.05474763736128807,0.05476643517613411,0
02/16/2024,16:30,0.05476643517613411,0.05476643517613411,0.054696667939424515,0.054750967770814896,0
02/16/2024,16:45,0.054750967770814896,0.054750967770814896,0.05461375415325165,0.054672982543706894,0
02/16/2024,17:00,0.054672982543706894,0.054672982543706894,0.05456065014004707,0.054573871195316315,0
02/16/2024,17:15,0.054573871195316315,0.054633066058158875,0.054573871195316315,0.05461042374372482,0
02/16/2024,17:30,0.05461042374372482,0.054612401872873306,0.05443089082837105,0.05449797213077545,0
02/16/2024,17:45,0.05449797213077545,0.05460662394762039,0.05449797213077545,0.05460662394762039,0
02/16/2024,18:00,0.05460662394762039,0.054633792489767075,0.054469022899866104,0.054534200578927994,0
02/16/2024,18:15,0.05445530265569687,0.05457530543208122,0.05445530265569687,0.05457530543208122,0
02/16/2024,18:30,0.05457530543208122,0.05457530543208122,0.05445297807455063,0.05455881357192993,0
02/16/2024,18:45,0.05455881357192993,0.05464249104261398,0.05455881357192993,0.05459786206483841,0
02/16/2024,19:00,0.05459786206483841,0.05459786206483841,0.05451292172074318,0.054540131241083145,0
02/16/2024,19:15,0.05455731600522995,0.05459414795041084,0.05454310029745102,0.05455923452973366,0
02/16/2024,19:30,0.05455923452973366,0.05455923452973366,0.05441820248961449,0.05449221283197403,0
02/16/2024,19:45,0.05449221283197403,0.054533764719963074,0.05430363118648529,0.054322972893714905,0
02/16/2024,20:00,0.054322972893714905,0.054322972893714905,0.044111646711826324,0.04412095248699188,0
02/16/2024,20:15,0.04412095248699188,0.04414728283882141,0.04412095248699188,0.04413628950715065,0
02/16/2024,20:30,0.04413628950715065,0.04421357065439224,0.04413469135761261,0.04418886452913284,0
02/16/2024,20:45,0.04418886452913284,0.044219814240932465,0.04416379705071449,0.04416379705071449,0
02/16/2024,21:00,0.04416379705071449,0.04418843239545822,0.04413408786058426,0.04415712505578995,0
02/16/2024,21:15,0.044173575937747955,0.0442374162375927,0.044173575937747955,0.0442374162375927,0
02/16/2024,21:30,0.0442374162375927,0.0443059504032135,0.0442374162375927,0.0443059504032135,0
02/16/2024,21:45,0.0443059504032135,0.044310539960861206,0.04428732395172119,0.044310539960861206,0
02/16/2024,22:00,0.044310539960861206,0.04432065784931183,0.04429271072149277,0.04429271072149277,0
02/16/2024,22:15,0.04429449886083603,0.04429449886083603,0.04425150156021118,0.04427138715982437,0
02/16/2024,22:30,0.04427138715982437,0.04429773613810539,0.04426087439060211,0.04429773613810539,0
02/16/2024,22:45,0.04429773613810539,0.04429773613810539,0.04330192133784294,0.04331987351179123,1
02/16/2024,23:00,0.04331987351179123,0.043360985815525055,0.04331987351179123,0.043360985815525055,0
02/16/2024,23:15,0.043360985815525055,0.0434332899749279,0.04335305839776993,0.0434332899749279,0
02/16/2024,23:30,0.0434332899749279,0.0434681735932827,0.04341476038098335,0.0434681735932827,2
02/16/2024,23:45,0.0434681735932827,0.04350748658180237,0.04344929754734039,0.04344929754734039,0
02/17/2024,00:00,0.043466124683618546,0.043466124683618546,0.04343410208821297,0.04345032572746277,0
02/17/2024,00:15,0.04345032572746277,0.043465860188007355,0.043422963470220566,0.043422963470220566,0
02/17/2024,00:30,0.043422963470220566,0.043435756117105484,0.04339003935456276,0.043435756117105484,0
02/17/2024,00:45,0.043435756117105484,0.043435756117105484,0.04321121424436569,0.04321121424436569,0
02/17/2024,01:00,0.04321121424436569,0.04321121424436569,0.04317513108253479,0.04317513108253479,0
02/17/2024,01:15,0.04317513108253479,0.04317513108253479,0.043120127171278,0.04314011335372925,0
02/17/2024,01:30,0.04314011335372925,0.04315066710114479,0.04309667646884918,0.04309667646884918,0
02/17/2024,01:45,0.04309667646884918,0.04313661903142929,0.043086376041173935,0.04313661903142929,0
02/17/2024,02:00,0.04313661903142929,0.04316452890634537,0.04313661903142929,0.04316452890634537,0
02/17/2024,02:15,0.04316452890634537,0.043187133967876434,0.043140631169080734,0.043140750378370285,0
02/17/2024,02:30,0.043140750378370285,0.043140750378370285,0.04309963807463646,0.04309963807463646,0
02/17/2024,02:45,0.04309963807463646,0.04314325004816055,0.043095652014017105,0.04312983900308609,0
02/17/2024,03:00,0.04312983900308609,0.04312983900308609,0.0425851047039032,0.0425851047039032,1
02/17/2024,03:15,0.0425851047039032,0.04261157289147377,0.0425851047039032,0.04258664697408676,0
02/17/2024,03:30,0.04258664697408676,0.04261371120810509,0.04258561134338379,0.04261371120810509,0
02/17/2024,03:45,0.04261371120810509,0.04263335093855858,0.042606741189956665,0.04263335093855858,0
02/17/2024,04:00,0.04263335093855858,0.04263335093855858,0.04259990528225899,0.04260712489485741,0
02/17/2024,04:15,0.04260712489485741,0.0426417700946331,0.04260712489485741,0.04263493791222572,0
02/17/2024,04:30,0.04263493791222572,0.04265538975596428,0.04263493791222572,0.04264364391565323,0
02/17/2024,04:45,0.04264364391565323,0.042681533843278885,0.04264364391565323,0.04267342388629913,0
02/17/2024,05:00,0.04267342388629913,0.04267342388629913,0.042610324919223785,0.042610324919223785,0
02/17/2024,05:15,0.042610324919223785,0.042610324919223785,0.042509257793426514,0.042509257793426514,0
02/17/2024,05:30,0.042509257793426514,0.04255156219005585,0.042509257793426514,0.04254866763949394,0
02/17/2024,05:45,0.0425635389983654,0.042581550776958466,0.042560383677482605,0.042581550776958466,0
02/17/2024,06:00,0.042581550776958466,0.04259156808257103,0.04257523640990257,0.04259156808257103,0
02/17/2024,06:15,0.04259583726525307,0.042603470385074615,0.04256424680352211,0.042580123990774155,0
02/17/2024,06:30,0.042580123990774155,0.042595528066158295,0.042580123990774155,0.04259043186903,0
02/17/2024,06:45,0.04259043186903,0.042606037110090256,0.04257431626319885,0.042606037110090256,0
02/17/2024,07:00,0.042606037110090256,0.04261184483766556,0.042594585567712784,0.04261184483766556,0
02/17/2024,07:15,0.04261184483766556,0.04261184483766556,0.042589202523231506,0.042597636580467224,0
02/17/2024,07:30,0.042597636580467224,0.042607054114341736,0.042597636580467224,0.042607054114341736,0
02/17/2024,07:45,0.042607054114341736,0.042607054114341736,0.04258493706583977,0.04258747771382332,0
02/17/2024,08:00,0.04258747771382332,0.04258747771382332,0.04097413271665573,0.04097413271665573,1
02/17/2024,08:15,0.04097413271665573,0.04097755253314972,0.0409417524933815,0.04094301536679268,0
02/17/2024,08:30,0.04094301536679268,0.04094376787543297,0.0409049317240715,0.04090894013643265,0
02/17/2024,08:45,0.04090894013643265,0.04091480374336243,0.04087520018219948,0.04090919718146324,0
02/17/2024,09:00,0.04089837893843651,0.04089837893843651,0.040829118341207504,0.04084605723619461,0
02/17/2024,09:15,0.04084605723619461,0.04090826213359833,0.04084605723619461,0.04084690660238266,0
02/17/2024,09:30,0.04084690660238266,0.04092172160744667,0.04084690660238266,0.040904976427555084,0
02/17/2024,09:45,0.040904976427555084,0.040904976427555084,0.040842268615961075,0.04084569588303566,0
02/17/2024,10:00,0.04084569588303566,0.04084569588303566,0.04080161824822426,0.04080161824822426,0
02/17/2024,10:15,0.04080161824822426,0.04254646226763725,0.04073156788945198,0.04254096373915672,9
02/17/2024,10:30,0.04254096373915672,0.04347146674990654,0.04254096373915672,0.043455298990011215,8
02/17/2024,10:45,0.043455298990011215,0.04346698895096779,0.04311457276344299,0.04311457276344299,2
02/17/2024,11:00,0.04311457276344299,0.043139372020959854,0.04311457276344299,0.04312443733215332,0
02/17/2024,11:15,0.04312443733215332,0.04313891753554344,0.04312443733215332,0.04312609136104584,0
02/17/2024,11:30,0.04312609136104584,0.04315014183521271,0.043123770505189896,0.04313311725854874,0
02/17/2024,11:45,0.04313311725854874,0.0431358776986599,0.04311731085181236,0.04311731085181236,0
02/17/2024,12:00,0.04311731085181236,0.04311731085181236,0.04310876503586769,0.04311232268810272,0
02/17/2024,12:15,0.04311232268810272,0.04311232268810272,0.04309666529297829,0.043101876974105835,0
02/17/2024,12:30,0.043101876974105835,0.043101876974105835,0.04306502640247345,0.04308626055717468,0
02/17/2024,12:45,0.04308626055717468,0.04312475770711899,0.04308626055717468,0.043119341135025024,0
02/17/2024,13:00,0.043119341135025024,0.043127261102199554,0.043074700981378555,0.04307577759027481,0
02/17/2024,13:15,0.04307577759027481,0.04307577759027481,0.043015122413635254,0.043015122413635254,0
02/17/2024,13:30,0.043015122413635254,0.043015122413635254,0.04292648658156395,0.04293711856007576,0
02/17/2024,13:45,0.04293711856007576,0.042941298335790634,0.04288864880800247,0.04288864880800247,0
02/17/2024,14:00,0.04288864880800247,0.042944684624671936,0.04288864880800247,0.042928051203489304,0
02/17/2024,14:15,0.042928051203489304,0.0429573580622673,0.042905405163764954,0.04292919859290123,0
02/17/2024,14:30,0.04292919859290123,0.04292919859290123,0.04273887351155281,0.04273887351155281,0
02/17/2024,14:45,0.04273887351155281,0.04276089370250702,0.04269130155444145,0.04276089370250702,0
02/17/2024,15:00,0.04276089370250702,0.04276089370250702,0.04269752278923988,0.04272352531552315,0
02/17/2024,15:15,0.04272352531552315,0.042808689177036285,0.04272352531552315,0.042808689177036285,0
02/17/2024,15:30,0.042808689177036285,0.04288141056895256,0.042808689177036285,0.04288141056895256,0
02/17/2024,15:45,0.04288141056895256,0.04288141056895256,0.04284736514091492,0.04286384582519531,0
02/17/2024,16:00,0.04286384582519531,0.04286384582519531,0.0427975133061409,0.0427975133061409,0
02/17/2024,16:15,0.0427975133061409,0.0427975133061409,0.04276317358016968,0.042780134826898575,0
02/17/2024,16:30,0.042780134826898575,0.04282303899526596,0.042764462530612946,0.04282303899526596,0
02/17/2024,16:45,0.0428200326859951,0.04285741597414017,0.0428200326859951,0.042837657034397125,0
02/17/2024,17:00,0.042837657034397125,0.04293645918369293,0.042837657034397125,0.04293645918369293,0
02/17/2024,17:15,0.04293645918369293,0.04293645918369293,0.042923107743263245,0.04292776808142662,0
02/17/2024,17:30,0.04292776808142662,0.042938027530908585,0.04290086030960083,0.042938027530908585,0
02/17/2024,17:45,0.042938027530908585,0.04295559972524643,0.04293157532811165,0.04294609650969505,0
02/17/2024,18:00,0.04294609650969505,0.04294609650969505,0.042917802929878235,0.042917802929878235,0
02/17/2024,18:15,0.042917802929878235,0.04294507950544357,0.042917802929878235,0.04294507950544357,0
02/17/2024,18:30,0.04295041784644127,0.04296926036477089,0.04295041784644127,0.04296926036477089,0
02/17/2024,18:45,0.04296926036477089,0.042969558387994766,0.04296056553721428,0.042968329042196274,0
02/17/2024,19:00,0.042968329042196274,0.04297231510281563,0.0429578572511673,0.04297231510281563,0
02/17/2024,19:15,0.04297231510281563,0.04297231510281563,0.04289596900343895,0.042940422892570496,1
02/17/2024,19:30,0.042940422892570496,0.04294180870056152,0.04292769730091095,0.04294180870056152,0
02/17/2024,19:45,0.04294180870056152,0.04294180870056152,0.04292414337396622,0.04293898865580559,0
02/17/2024,20:00,0.042926959693431854,0.042930759489536285,0.04290943220257759,0.04290943220257759,0
02/17/2024,20:15,0.04290943220257759,0.04292653873562813,0.0427977479994297,0.042824771255254745,1
02/17/2024,20:30,0.042824771255254745,0.04283519834280014,0.04280576482415199,0.04283519834280014,0
02/17/2024,20:45,0.04283519834280014,0.042879868298769,0.042825113981962204,0.042879868298769,0
02/17/2024,21:00,0.042879868298769,0.042879868298769,0.042847491800785065,0.04285601153969765,0
02/17/2024,21:15,0.042858559638261795,0.0430210717022419,0.04285281151533127,0.04298621043562889,0
02/17/2024,21:30,0.04298621043562889,0.043041713535785675,0.04187672585248947,0.04187672585248947,0
02/17/2024,21:45,0.04187672585248947,0.04187672585248947,0.041812751442193985,0.041812751442193985,0
02/17/2024,22:00,0.041845034807920456,0.041845034807920456,0.04179934784770012,0.04179934784770012,0
02/17/2024,22:15,0.04179934784770012,0.04185651242733002,0.04179731383919716,0.04185651242733002,0
02/17/2024,22:30,0.04182155802845955,0.04184592515230179,0.041790831834077835,0.041790831834077835,0
02/17/2024,22:45,0.041790831834077835,0.04179396107792854,0.041765693575143814,0.04178641363978386,0
02/17/2024,23:00,0.04178641363978386,0.041791439056396484,0.041763897985219955,0.041763897985219955,0
02/17/2024,23:15,0.041763897985219955,0.04176485911011696,0.04175453260540962,0.04176485911011696,0
02/17/2024,23:30,0.04176485911011696,0.041790418326854706,0.04176473990082741,0.041790418326854706,0
02/17/2024,23:45,0.041790418326854706,0.04180203005671501,0.041776761412620544,0.041776761412620544,0
02/18/2024,00:00,0.041776761412620544,0.04178304970264435,0.04176060110330582,0.04177775979042053,0
02/18/2024,00:15,0.04177775979042053,0.04181506112217903,0.041775308549404144,0.04177822545170784,0
02/18/2024,00:30,0.04177822545170784,0.04177822545170784,0.04173927754163742,0.04173927754163742,0
02/18/2024,00:45,0.04174540564417839,0.0417630560696125,0.04162449389696121,0.04162449389696121,0
02/18/2024,01:00,0.04162449389696121,0.041670169681310654,0.04162449389696121,0.04166342690587044,0
02/18/2024,01:15,0.04166342690587044,0.041663896292448044,0.041645098477602005,0.04164833202958107,0
02/18/2024,01:30,0.04164833202958107,0.04165038838982582,0.04161665216088295,0.04161665216088295,0
02/18/2024,01:45,0.04161665216088295,0.04161665216088295,0.04157686606049538,0.04157686606049538,0
02/18/2024,02:00,0.04157686606049538,0.041585225611925125,0.041534360498189926,0.0415533073246479,0
02/18/2024,02:15,0.0415533073246479,0.04157915338873863,0.0415533073246479,0.0415763333439827,0
02/18/2024,02:30,0.0415763333439827,0.041577644646167755,0.041510045528411865,0.041527241468429565,0
02/18/2024,02:45,0.041527241468429565,0.041527241468429565,0.041455306112766266,0.04145634174346924,0
02/18/2024,03:00,0.04145634174346924,0.041492823511362076,0.04145634174346924,0.041491009294986725,0
02/18/2024,03:15,0.04149611294269562,0.041521865874528885,0.041483309119939804,0.041521865874528885,0
02/18/2024,03:30,0.041521865874528885,0.041541699320077896,0.041513439267873764,0.04154043644666672,0
02/18/2024,03:45,0.04154043644666672,0.041554298251867294,0.04154043644666672,0.041554298251867294,0
02/18/2024,04:00,0.041554298251867294,0.04159579053521156,0.041554298251867294,0.04158727452158928,0
02/18/2024,04:15,0.04158727452158928,0.04161352291703224,0.04158541560173035,0.04161352291703224,0
02/18/2024,04:30,0.04161352291703224,0.04161352291703224,0.041585564613342285,0.041587214916944504,0
02/18/2024,04:45,0.041587214916944504,0.04159681499004364,0.04158603772521019,0.04159681499004364,0
02/18/2024,05:00,0.04159681499004364,0.041599467396736145,0.04158793389797211,0.041599467396736145,0
02/18/2024,05:15,0.041599467396736145,0.041616782546043396,0.041599467396736145,0.041616782546043396,0
02/18/2024,05:30,0.041616782546043396,0.0416240431368351,0.04161163792014122,0.04162061586976051,0
02/18/2024,05:45,0.04162061586976051,0.04162893071770668,0.041614726185798645,0.04162612184882164,0
02/18/2024,06:00,0.04162612184882164,0.04164322093129158,0.04161981865763664,0.04161981865763664,0
02/18/2024,06:15,0.04161981865763664,0.04161981865763664,0.04159479960799217,0.04159479960799217,0
02/18/2024,06:30,0.04159479960799217,0.04159479960799217,0.041569869965314865,0.04157175496220589,0
02/18/2024,06:45,0.04157175496220589,0.04157175496220589,0.04154670983552933,0.041557565331459045,0
02/18/2024,07:00,0.041557565331459045,0.041557565331459045,0.04139840975403786,0.041420236229896545,1
02/18/2024,07:15,0.041420236229896545,0.041502755135297775,0.041420236229896545,0.041502755135297775,1
02/18/2024,07:30,0.04149029031395912,0.04149342700839043,0.041476763784885406,0.04149273410439491,0
02/18/2024,07:45,0.04149273410439491,0.041495293378829956,0.04148178547620773,0.04148178547620773,0
02/18/2024,08:00,0.041471779346466064,0.04149238392710686,0.041471779346466064,0.041475988924503326,0
02/18/2024,08:15,0.041475988924503326,0.041482437402009964,0.041473034769296646,0.041482437402009964,0
02/18/2024,08:30,0.041482437402009964,0.04151022434234619,0.041482437402009964,0.041501618921756744,0
02/18/2024,08:45,0.041501618921756744,0.04151720181107521,0.041501618921756744,0.04151720181107521,0
02/18/2024,09:00,0.04153022542595863,0.04157082736492157,0.04153022542595863,0.04157044366002083,0
02/18/2024,09:15,0.04157044366002083,0.04159390553832054,0.04155988618731499,0.04155988618731499,0
02/18/2024,09:30,0.04155988618731499,0.041563596576452255,0.04155631735920906,0.04155934229493141,0
02/18/2024,09:45,0.04157509654760361,0.04159390181303024,0.04157232865691185,0.04159390181303024,0
02/18/2024,10:00,0.04159390181303024,0.04162118583917618,0.04159390181303024,0.04162118583917618,0
02/18/2024,10:15,0.04162118583917618,0.04162118583917618,0.04032266512513161,0.04032617062330246,0
02/18/2024,10:30,0.04032617062330246,0.04032617062330246,0.038085393607616425,0.038085393607616425,0
02/18/2024,10:45,0.038085393607616425,0.03812063857913017,0.038085393607616425,0.038093890994787216,0
02/18/2024,11:00,0.038099005818367004,0.038099005818367004,0.035188231617212296,0.035188231617212296,0
02/18/2024,11:15,0.035188231617212296,0.035218581557273865,0.03517039865255356,0.035198818892240524,0
02/18/2024,11:30,0.035198818892240524,0.03520048037171364,0.03519287332892418,0.03519381955265999,0
02/18/2024,11:45,0.03519381955265999,0.03524103760719299,0.03519381955265999,0.03524103760719299,0
02/18/2024,12:00,0.03524103760719299,0.03524995222687721,0.03523634374141693,0.03523700311779976,0
02/18/2024,12:15,0.03523700311779976,0.035269901156425476,0.03523700311779976,0.03525504842400551,0
02/18/2024,12:30,0.03525504842400551,0.03525504842400551,0.035138677805662155,0.03516346961259842,0
02/18/2024,12:45,0.03516346961259842,0.035182371735572815,0.035066839307546616,0.035066839307546616,0
02/18/2024,13:00,0.035066839307546616,0.035110846161842346,0.035066839307546616,0.035093288868665695,0
02/18/2024,13:15,0.035093288868665695,0.03509954363107681,0.035082172602415085,0.03509954363107681,0
02/18/2024,13:30,0.03509954363107681,0.03509999439120293,0.035087477415800095,0.03509429097175598,0
02/18/2024,13:45,0.03509429097175598,0.035146988928318024,0.03509429097175598,0.035146988928318024,0
02/18/2024,14:00,0.035146988928318024,0.03515870124101639,0.035144172608852386,0.035144172608852386,0
02/18/2024,14:15,0.035144172608852386,0.03519468754529953,0.035143230110406876,0.03516197204589844,0
02/18/2024,14:30,0.03516197204589844,0.03527892008423805,0.03515788912773132,0.03527064248919487,0
02/18/2024,14:45,0.03527064248919487,0.03531428053975105,0.03526800498366356,0.03528979793190956,0
02/18/2024,15:00,0.03528979793190956,0.03528979793190956,0.03521602600812912,0.03523418307304382,0
02/18/2024,15:15,0.03523418307304382,0.035263679921627045,0.035229042172431946,0.03524848446249962,3
02/18/2024,15:30,0.03524848446249962,0.035258691757917404,0.03521474078297615,0.03521474078297615,0
02/18/2024,15:45,0.03521474078297615,0.03522465378046036,0.0351996012032032,0.03521876037120819,0
02/18/2024,16:00,0.03521876037120819,0.03524879738688469,0.035205475986003876,0.03524879738688469,0
02/18/2024,16:15,0.03524879738688469,0.03524879738688469,0.035169489681720734,0.035187624394893646,0
02/18/2024,16:30,0.035187624394893646,0.0352185033261776,0.035187624394893646,0.03520941734313965,0
02/18/2024,16:45,0.03520941734313965,0.0352763794362545,0.03520258516073227,0.0352763794362545,0
02/18/2024,17:00,0.0352763794362545,0.035320814698934555,0.035264696925878525,0.03529130294919014,0
02/18/2024,17:15,0.03529130294919014,0.035320159047842026,0.035284463316202164,0.035320159047842026,0
02/18/2024,17:30,0.035320159047842026,0.0353521890938282,0.035292718559503555,0.03531811758875847,0
02/18/2024,17:45,0.03531811758875847,0.03531811758875847,0.03523823618888855,0.0352586954832077,0
02/18/2024,18:00,0.0352586954832077,0.0352586954832077,0.035232800990343094,0.03523756563663483,0
02/18/2024,18:15,0.03523756563663483,0.03523756563663483,0.0352042093873024,0.03520802780985832,0
02/18/2024,18:30,0.03520802780985832,0.03520802780985832,0.03513835370540619,0.03513835370540619,0
02/18/2024,18:45,0.03513835370540619,0.0352276936173439,0.03513835370540619,0.0352276936173439,0
02/18/2024,19:00,0.0352276936173439,0.035235870629549026,0.03518414497375488,0.03518414497375488,0
02/18/2024,19:15,0.03518414497375488,0.035214003175497055,0.03518379107117653,0.035197168588638306,0
02/18/2024,19:30,0.035197168588638306,0.03526497632265091,0.035197168588638306,0.035227276384830475,0
02/18/2024,19:45,0.035227276384830475,0.03524826467037201,0.03520968556404114,0.03520968556404114,0
02/18/2024,20:00,0.03520968556404114,0.0352153405547142,0.03517606109380722,0.03518050163984299,0
02/18/2024,20:15,0.03518050163984299,0.03518050163984299,0.03510233759880066,0.035140249878168106,0
02/18/2024,20:30,0.03515436872839928,0.03516535088419914,0.03515436872839928,0.03516535088419914,0
02/18/2024,20:45,0.03516535088419914,0.03521231561899185,0.03516535088419914,0.03521231561899185,0
02/18/2024,21:00,0.03521231561899185,0.05077015981078148,0.03521231561899185,0.05077015981078148,7
02/18/2024,21:15,0.05077015981078148,0.0507831871509552,0.050734248012304306,0.0507831871509552,0
02/18/2024,21:30,0.0507831871509552,0.05085640773177147,0.0507831871509552,0.05085640773177147,0
02/18/2024,21:45,0.05085640773177147,0.05085640773177147,0.04719031602144241,0.04719031602144241,56
02/18/2024,22:00,0.04719031602144241,0.04725247621536255,0.04718981683254242,0.04725247621536255,0
02/18/2024,22:15,0.04725247621536255,0.047313664108514786,0.04725247621536255,0.04727674275636673,0
02/18/2024,22:30,0.04727674275636673,0.047319184988737106,0.047273218631744385,0.047273218631744385,0
02/18/2024,22:45,0.047273218631744385,0.047304801642894745,0.04727109521627426,0.047304801642894745,0
02/18/2024,23:00,0.047304801642894745,0.047304801642894745,0.047287654131650925,0.047298043966293335,0
02/18/2024,23:15,0.047298043966293335,0.047316599637269974,0.0472818948328495,0.0472818948328495,0
02/18/2024,23:30,0.0472818948328495,0.0472818948328495,0.04723196476697922,0.04723196476697922,0
02/18/2024,23:45,0.047241274267435074,0.04726068302989006,0.047241274267435074,0.047259699553251266,0
02/19/2024,00:00,0.04725825786590576,0.04729807749390602,0.04725749418139458,0.04729807749390602,0
02/19/2024,00:15,0.04729807749390602,0.04729807749390602,0.04727086424827576,0.04728134721517563,0
02/19/2024,00:30,0.04728134721517563,0.04732025787234306,0.047265779227018356,0.04729108884930611,0
02/19/2024,00:45,0.04729108884930611,0.04729108884930611,0.04726982116699219,0.04728079214692116,0
02/19/2024,01:00,0.04728079214692116,0.04728079214692116,0.04724902659654617,0.04724902659654617,0
02/19/2024,01:15,0.04724902659654617,0.047253455966711044,0.0472448505461216,0.0472448505461216,0
02/19/2024,01:30,0.0472448505461216,0.0472448505461216,0.04721369594335556,0.04721970111131668,0
02/19/2024,01:45,0.04721970111131668,0.04724804311990738,0.0431647002696991,0.0431647002696991,0
02/19/2024,02:00,0.0431647002696991,0.04317765310406685,0.0431647002696991,0.04317498207092285,0
02/19/2024,02:15,0.04317197576165199,0.04318059980869293,0.04317197576165199,0.04317950829863548,0
02/19/2024,02:30,0.04317950829863548,0.043184854090213776,0.043176159262657166,0.043184854090213776,0
02/19/2024,02:45,0.043184854090213776,0.043186500668525696,0.04317827522754669,0.04317956045269966,0
02/19/2024,03:00,0.04317956045269966,0.04317956045269966,0.0431746169924736,0.0431746169924736,0
02/19/2024,03:15,0.043171368539333344,0.04317821189761162,0.043164923787117004,0.043164923787117004,0
02/19/2024,03:30,0.043164923787117004,0.043165210634469986,0.04315429553389549,0.04315429553389549,0
02/19/2024,03:45,0.04315429553389549,0.04316514730453491,0.04315429553389549,0.04316514730453491,0
02/19/2024,04:00,0.04316514730453491,0.04316577687859535,0.043159980326890945,0.043159980326890945,0
02/19/2024,04:15,0.043159980326890945,0.04318353906273842,0.043159980326890945,0.04318353906273842,0
02/19/2024,04:30,0.04318353906273842,0.04318796843290329,0.043182503432035446,0.04318425804376602,0
02/19/2024,04:45,0.04318425804376602,0.04318425804376602,0.04316817969083786,0.04316817969083786,0
02/19/2024,05:00,0.04316817969083786,0.043172262609004974,0.04315926134586334,0.04316005855798721,0
02/19/2024,05:15,0.04316005855798721,0.04316462203860283,0.04316005855798721,0.04316462203860283,0
02/19/2024,05:30,0.04316462203860283,0.043176013976335526,0.04315639287233353,0.04315696284174919,0
02/19/2024,05:45,0.04315696284174919,0.04317642003297806,0.04315526783466339,0.04317642003297806,0
02/19/2024,06:00,0.04317642003297806,0.043208349496126175,0.04317642003297806,0.043205294758081436,0
02/19/2024,06:15,0.043205294758081436,0.04322820529341698,0.043205294758081436,0.04322820529341698,0
02/19/2024,06:30,0.04322820529341698,0.04323173686861992,0.04320761188864708,0.04320761188864708,0
02/19/2024,06:45,0.04320761188864708,0.04321419820189476,0.043037235736846924,0.04304115101695061,3
02/19/2024,07:00,0.04304115101695061,0.0430455207824707,0.04303721338510513,0.04303969070315361,0
02/19/2024,07:15,0.04303969070315361,0.043055541813373566,0.04303969070315361,0.04305502399802208,0
02/19/2024,07:30,0.04305502399802208,0.043060120195150375,0.0430409274995327,0.0430409274995327,0
02/19/2024,07:45,0.0430409274995327,0.0430527962744236,0.04303824156522751,0.043045077472925186,0
02/19/2024,08:00,0.043045077472925186,0.04304632544517517,0.043025169521570206,0.043025169521570206,0
02/19/2024,08:15,0.043027788400650024,0.043027788400650024,0.04302379488945007,0.043027281761169434,0
02/19/2024,08:30,0.043027281761169434,0.043027281761169434,0.043007876724004745,0.04301093518733978,0
02/19/2024,08:45,0.04301093518733978,0.04301093518733978,0.042983587831258774,0.042983587831258774,0
02/19/2024,09:00,0.042983587831258774,0.04300161823630333,0.042983587831258774,0.04300161823630333,0
02/19/2024,09:15,0.04300161823630333,0.04303089901804924,0.04300161823630333,0.04303089901804924,0
02/19/2024,09:30,0.04303089901804924,0.04305093362927437,0.04303089901804924,0.04304948449134827,0
02/19/2024,09:45,0.04304923489689827,0.04305626451969147,0.04304322600364685,0.04304322600364685,0
02/19/2024,10:00,0.04304322600364685,0.04305143281817436,0.043035224080085754,0.04305143281817436,0
02/19/2024,10:15,0.04305143281817436,0.04306083545088768,0.04302915558218956,0.04302915558218956,0
02/19/2024,10:30,0.04302915558218956,0.04306584224104881,0.04302915558218956,0.04306584224104881,0
02/19/2024,10:45,0.04306584224104881,0.043068427592515945,0.04306238889694214,0.04306238889694214,0
02/19/2024,11:00,0.04306238889694214,0.04306238889694214,0.04305452108383179,0.04305461421608925,0
02/19/2024,11:15,0.04305461421608925,0.04305809736251831,0.04304494708776474,0.04305809736251831,0
02/19/2024,11:30,0.04306665062904358,0.04306665062904358,0.04305087402462959,0.04305087402462959,0
02/19/2024,11:45,0.04305087402462959,0.04306478798389435,0.04305087402462959,0.04305773973464966,0
02/19/2024,12:00,0.04305773973464966,0.04305773973464966,0.04304049164056778,0.04305165633559227,0
02/19/2024,12:15,0.04305165633559227,0.04305991902947426,0.043047890067100525,0.04305350407958031,0
02/19/2024,12:30,0.04305350407958031,0.043059851974248886,0.04305350407958031,0.043058156967163086,0
02/19/2024,12:45,0.043058156967163086,0.043075740337371826,0.04304412379860878,0.04304412379860878,0
02/19/2024,13:00,0.04304412379860878,0.04305507242679596,0.04304356127977371,0.04305507242679596,0
02/19/2024,13:15,0.04305507242679596,0.04305914416909218,0.04303775355219841,0.04303775355219841,0
02/19/2024,13:30,0.04303775355219841,0.04303775355219841,0.0430227555334568,0.04302683100104332,0
02/19/2024,13:45,0.04302683100104332,0.04303063824772835,0.04301643371582031,0.04302194342017174,0
02/19/2024,14:00,0.04302194342017174,0.04302194342017174,0.04300111532211304,0.04301941767334938,0
02/19/2024,14:15,0.04301941767334938,0.0430203378200531,0.04290257394313812,0.04290257394313812,1
02/19/2024,14:30,0.04290257394313812,0.0429176427423954,0.042895279824733734,0.04291057214140892,0
02/19/2024,14:45,0.04291057214140892,0.042913634330034256,0.04289356619119644,0.04290885850787163,0
02/19/2024,15:00,0.04290885850787163,0.04291162267327309,0.0429009348154068,0.04291162267327309,0
02/19/2024,15:15,0.04291162267327309,0.042943406850099564,0.042910512536764145,0.042939718812704086,0
02/19/2024,15:30,0.042939718812704086,0.042939718812704086,0.042909249663352966,0.042909249663352966,0
02/19/2024,15:45,0.042909249663352966,0.042909249663352966,0.04289735481142998,0.04290487989783287,0
02/19/2024,16:00,0.04290487989783287,0.04291122779250145,0.04289859160780907,0.04289859160780907,0
02/19/2024,16:15,0.04289859160780907,0.042902871966362,0.04289844259619713,0.042899034917354584,0
02/19/2024,16:30,0.042899034917354584,0.04292469099164009,0.04289593920111656,0.04292469099164009,0
02/19/2024,16:45,0.04292469099164009,0.04292469099164009,0.042856812477111816,0.042856812477111816,0
02/19/2024,17:00,0.04283085837960243,0.042855724692344666,0.042829375714063644,0.042855724692344666,0
02/19/2024,17:15,0.042855724692344666,0.0428796112537384,0.042855724692344666,0.0428796112537384,0
02/19/2024,17:30,0.0428796112537384,0.044150322675704956,0.04233552888035774,0.044150322675704956,212
02/19/2024,17:45,0.044150322675704956,0.04415318742394447,0.04414897412061691,0.0441507063806057,0
02/19/2024,18:00,0.0441507063806057,0.04415329918265343,0.04414874315261841,0.04414874315261841,0
02/19/2024,18:15,0.04414874315261841,0.044154856353998184,0.04414811357855797,0.04414811357855797,0
02/19/2024,18:30,0.04414811357855797,0.04414965957403183,0.044145744293928146,0.04414965957403183,0
02/19/2024,18:45,0.04414965957403183,0.04414965957403183,0.044138792902231216,0.04414074867963791,0
02/19/2024,19:00,0.04414074867963791,0.04414074867963791,0.04413008317351341,0.04413008317351341,0
02/19/2024,19:15,0.04413008317351341,0.04413475841283798,0.04413008317351341,0.04413287714123726,0
02/19/2024,19:30,0.04413287714123726,0.04414506256580353,0.04413125291466713,0.044143080711364746,0
02/19/2024,19:45,0.044143080711364746,0.044143080711364746,0.04413961246609688,0.04414239153265953,0
02/19/2024,20:00,0.04414239153265953,0.04414306581020355,0.0441381074488163,0.044138867408037186,0
02/19/2024,20:15,0.044138867408037186,0.04414607957005501,0.044138867408037186,0.04414607957005501,0
02/19/2024,20:30,0.04414607957005501,0.04414843022823334,0.0441456064581871,0.04414843022823334,0
02/19/2024,20:45,0.04414843022823334,0.04414843022823334,0.04413972422480583,0.04413972422480583,0
02/19/2024,21:00,0.04413972422480583,0.04414405673742294,0.04413869231939316,0.044143132865428925,0
02/19/2024,21:15,0.044143132865428925,0.04414469376206398,0.04413934051990509,0.04413934051990509,0
02/19/2024,21:30,0.04413934051990509,0.04429814964532852,0.04413798078894615,0.04429814964532852,0
02/19/2024,21:45,0.04429814964532852,0.0443025566637516,0.04407709091901779,0.04408527538180351,0
02/19/2024,22:00,0.04408527538180351,0.0440947599709034,0.0440850704908371,0.0440947599709034,0
02/19/2024,22:15,0.0440947599709034,0.04409679025411606,0.04408830404281616,0.04408830404281616,0
02/19/2024,22:30,0.04408830404281616,0.04409053176641464,0.044086650013923645,0.04409053176641464,0
02/19/2024,22:45,0.04409053176641464,0.04409092292189598,0.04408840462565422,0.04409082978963852,0
02/19/2024,23:00,0.04409082978963852,0.044091857969760895,0.044089704751968384,0.044089704751968384,0
02/19/2024,23:15,0.044089704751968384,0.044090453535318375,0.04408113285899162,0.04408184811472893,0
02/19/2024,23:30,0.04408184811472893,0.04408184811472893,0.04407653212547302,0.04407653212547302,0
02/19/2024,23:45,0.04407653212547302,0.04407653212547302,0.04407418519258499,0.044074807316064835,0
02/20/2024,00:00,0.044074807316064835,0.04407906159758568,0.044074807316064835,0.04407906159758568,0
02/20/2024,00:15,0.04407906159758568,0.04407906159758568,0.04407357797026634,0.044075652956962585,0
02/20/2024,00:30,0.044075652956962585,0.04407884553074837,0.04406004399061203,0.04406004399061203,0
02/20/2024,00:45,0.04406004399061203,0.04407147318124771,0.04406004399061203,0.04406845197081566,0
02/20/2024,01:00,0.04406845197081566,0.04406989738345146,0.04406598210334778,0.04406788945198059,0
02/20/2024,01:15,0.04406788945198059,0.04406788945198059,0.04404550418257713,0.044050876051187515,0
02/20/2024,01:30,0.044050876051187515,0.044059108942747116,0.044050831347703934,0.044059108942747116,0
02/20/2024,01:45,0.044059108942747116,0.04406743124127388,0.044059108942747116,0.04406743124127388,0
02/20/2024,02:00,0.04406743124127388,0.04407016560435295,0.04406651109457016,0.04406651109457016,0
02/20/2024,02:15,0.044066403061151505,0.04406880959868431,0.044065892696380615,0.044067565351724625,0
02/20/2024,02:30,0.044067565351724625,0.04410868138074875,0.04406577721238136,0.044105347245931625,0
02/20/2024,02:45,0.044105347245931625,0.0441153459250927,0.044104140251874924,0.0441153459250927,0
02/20/2024,03:00,0.0441153459250927,0.044115692377090454,0.044110387563705444,0.044110387563705444,0
02/20/2024,03:15,0.044110387563705444,0.04411069676280022,0.044107310473918915,0.04410974681377411,0
02/20/2024,03:30,0.04410974681377411,0.044113803654909134,0.04410974681377411,0.0441114641726017,0
02/20/2024,03:45,0.0441114641726017,0.04411240667104721,0.04410575330257416,0.04410575330257416,0
02/20/2024,04:00,0.04410575330257416,0.04411311820149422,0.044103190302848816,0.04411311820149422,0
02/20/2024,04:15,0.04411311820149422,0.044115569442510605,0.044112250208854675,0.044115569442510605,0
02/20/2024,04:30,0.044115569442510605,0.04411876201629639,0.04411552846431732,0.04411840811371803,0
02/20/2024,04:45,0.04412058740854263,0.04412058740854263,0.044118721038103104,0.04411909729242325,0
02/20/2024,05:00,0.04411909729242325,0.04411933571100235,0.043904777616262436,0.043904777616262436,3
02/20/2024,05:15,0.043904777616262436,0.04390711337327957,0.043904777616262436,0.04390711337327957,0
02/20/2024,05:30,0.04390254244208336,0.043919794261455536,0.04390254244208336,0.043918825685977936,0
02/20/2024,05:45,0.043918825685977936,0.043918825685977936,0.04391276463866234,0.04391276463866234,0
02/20/2024,06:00,0.04391276463866234,0.04392175003886223,0.04391276463866234,0.04392175003886223,0
02/20/2024,06:15,0.04392175003886223,0.043921828269958496,0.04391549155116081,0.04391549155116081,0
02/20/2024,06:30,0.04391549155116081,0.04392198845744133,0.04391549155116081,0.04391922801733017,0
02/20/2024,06:45,0.04391922801733017,0.04391985014081001,0.04391680657863617,0.04391680657863617,0
02/20/2024,07:00,0.04391680657863617,0.04391680657863617,0.04391615837812424,0.04391671344637871,0
02/20/2024,07:15,0.04391671344637871,0.043917931616306305,0.043914876878261566,0.043917931616306305,0
02/20/2024,07:30,0.043917931616306305,0.04391813278198242,0.0439082607626915,0.0439082607626915,0
02/20/2024,07:45,0.0439082607626915,0.04391252622008324,0.04390787333250046,0.043908026069402695,0
02/20/2024,08:00,0.043908026069402695,0.043910201638936996,0.04390518367290497,0.04390518367290497,0
02/20/2024,08:15,0.04390518367290497,0.04390518367290497,0.04389098659157753,0.04389796406030655,0
02/20/2024,08:30,0.04389796406030655,0.043905120342969894,0.04389796406030655,0.043905120342969894,0
02/20/2024,08:45,0.043905120342969894,0.04390706866979599,0.043901458382606506,0.04390300437808037,0
02/20/2024,09:00,0.04390300437808037,0.04390573874115944,0.0439017154276371,0.0439017154276371,0
02/20/2024,09:15,0.0439017154276371,0.0439017154276371,0.043889470398426056,0.04389376938343048,0
02/20/2024,09:30,0.04389376938343048,0.044182732701301575,0.04389213025569916,0.04418032988905907,0
02/20/2024,09:45,0.04418032988905907,0.04418032988905907,0.04404880106449127,0.04405330494046211,2
02/20/2024,10:00,0.04405330494046211,0.044066186994314194,0.04405330494046211,0.044066186994314194,0
02/20/2024,10:15,0.044066186994314194,0.044066186994314194,0.044061049818992615,0.04406359791755676,0
02/20/2024,10:30,0.04406359791755676,0.04407324269413948,0.04406359791755676,0.0440729595720768,0
02/20/2024,10:45,0.04407179355621338,0.04407472535967827,0.04407156631350517,0.04407472535967827,0
02/20/2024,11:00,0.04407472535967827,0.04408795386552811,0.04407472535967827,0.044085025787353516,0
02/20/2024,11:15,0.044085025787353516,0.0440896600484848,0.044085025787353516,0.0440896600484848,0
02/20/2024,11:30,0.0440896600484848,0.0440932922065258,0.0440896600484848,0.04409123957157135,1
02/20/2024,11:45,0.04409123957157135,0.044092241674661636,0.044086527079343796,0.044088736176490784,0
02/20/2024,12:00,0.044088736176490784,0.04409359395503998,0.044088736176490784,0.04409359395503998,1
02/20/2024,12:15,0.04409359395503998,0.04409429058432579,0.04408944398164749,0.04408944398164749,0
02/20/2024,12:30,0.04408944398164749,0.04409085214138031,0.04389631748199463,0.04389774426817894,3
02/20/2024,12:45,0.04389774426817894,0.04389774426817894,0.043892424553632736,0.04389485716819763,0
02/20/2024,13:00,0.04389485716819763,0.043898824602365494,0.04389485716819763,0.043898824602365494,0
02/20/2024,13:15,0.043898824602365494,0.04390808939933777,0.043898824602365494,0.04390199854969978,0
02/20/2024,13:30,0.04390199854969978,0.04395006224513054,0.04390199854969978,0.04394451901316643,0
02/20/2024,13:45,0.04394451901316643,0.0439528189599514,0.04393894597887993,0.04394381865859032,0
02/20/2024,14:00,0.04394381865859032,0.04394381865859032,0.04390426352620125,0.04390426352620125,0
02/20/2024,14:15,0.04390426352620125,0.0439043864607811,0.04388638585805893,0.04389253258705139,0
02/20/2024,14:30,0.04389253258705139,0.04390065371990204,0.04387802630662918,0.04387802630662918,0
02/20/2024,14:45,0.04386617988348007,0.043882906436920166,0.04386617988348007,0.043879516422748566,0
02/20/2024,15:00,0.043879516422748566,0.0438811331987381,0.04387262091040611,0.04387394338846207,0
02/20/2024,15:15,0.04387394338846207,0.04387394338846207,0.043856579810380936,0.043856579810380936,0
02/20/2024,15:30,0.043856579810380936,0.043856579810380936,0.043834373354911804,0.04384225234389305,0
02/20/2024,15:45,0.04384225234389305,0.043855637311935425,0.04384225234389305,0.04385557025671005,0
02/20/2024,16:00,0.04385557025671005,0.04386112838983536,0.04385190084576607,0.0438566654920578,1
02/20/2024,16:15,0.0438566654920578,0.04385704547166824,0.04384947568178177,0.04385704547166824,1
02/20/2024,16:30,0.04385704547166824,0.04385862126946449,0.043846067041158676,0.043846067041158676,1
02/20/2024,16:45,0.043846067041158676,0.04385090619325638,0.043836697936058044,0.043836697936058044,0
02/20/2024,17:00,0.043836697936058044,0.043836697936058044,0.043818481266498566,0.0438215471804142,0
02/20/2024,17:15,0.0438215471804142,0.0438215471804142,0.04378446564078331,0.043819982558488846,0
02/20/2024,17:30,0.043819982558488846,0.04382788762450218,0.03447363153100014,0.034499604254961014,0
02/20/2024,17:45,0.034499604254961014,0.03458328917622566,0.03444947302341461,0.03458328917622566,0
02/20/2024,18:00,0.03458328917622566,0.03465641289949417,0.03458328917622566,0.03463135287165642,0
02/20/2024,18:15,0.03459544479846954,0.034704726189374924,0.03459544479846954,0.03469106927514076,0
02/20/2024,18:30,0.03469106927514076,0.034694746136665344,0.03464683145284653,0.034694746136665344,0
02/20/2024,18:45,0.034738387912511826,0.03477590158581734,0.034738387912511826,0.034756455570459366,0
02/20/2024,19:00,0.034756455570459366,0.03476220741868019,0.034724511206150055,0.0347343310713768,0
02/20/2024,19:15,0.0347331240773201,0.03489312157034874,0.0347331240773201,0.03489312157034874,0
02/20/2024,19:30,0.03489312157034874,0.03497183322906494,0.03489312157034874,0.03494482487440109,0
02/20/2024,19:45,0.03494482487440109,0.03515080735087395,0.03494482487440109,0.035137102007865906,0
02/20/2024,20:00,0.035137102007865906,0.03514640033245087,0.03508151322603226,0.03513398766517639,0
02/20/2024,20:15,0.03513398766517639,0.03515957295894623,0.035127244889736176,0.035127244889736176,0
02/20/2024,20:30,0.035127244889736176,0.03522549942135811,0.035127244889736176,0.03522549942135811,0
02/20/2024,20:45,0.03522549942135811,0.0352451428771019,0.035144928842782974,0.035144928842782974,0
02/20/2024,21:00,0.035144928842782974,0.035144928842782974,0.03504711762070656,0.03510308265686035,0
02/20/2024,21:15,0.03510308265686035,0.035205259919166565,0.03507915139198303,0.035205259919166565,0
02/20/2024,21:30,0.035205259919166565,0.035205259919166565,0.03516386076807976,0.035185422748327255,0
02/20/2024,21:45,0.035185422748327255,0.035185422748327255,0.035136885941028595,0.03514821454882622,0
02/20/2024,22:00,0.03514821454882622,0.03518356382846832,0.03511383756995201,0.0351797491312027,0
02/20/2024,22:15,0.0351797491312027,0.0352172888815403,0.0351797491312027,0.035201672464609146,0
02/20/2024,22:30,0.035201672464609146,0.035250019282102585,0.03520095348358154,0.035250019282102585,0
02/20/2024,22:45,0.035250019282102585,0.03530518338084221,0.035250019282102585,0.035295356065034866,0
02/20/2024,23:00,0.035295356065034866,0.035404931753873825,0.03524693474173546,0.035404931753873825,0
02/20/2024,23:15,0.035404931753873825,0.03541451692581177,0.03531259298324585,0.03531259298324585,0
02/20/2024,23:30,0.03531259298324585,0.035319264978170395,0.03525473177433014,0.03525473177433014,0
02/20/2024,23:45,0.03525473177433014,0.035296935588121414,0.03524569422006607,0.03529181331396103,0
02/21/2024,00:00,0.035301752388477325,0.05126827582716942,0.03526487946510315,0.05126827582716942,9
02/21/2024,00:15,0.05126827582716942,0.05126827582716942,0.051173023879528046,0.051173023879528046,0
02/21/2024,00:30,0.051204863935709,0.051204863935709,0.05111893638968468,0.05111893638968468,0
02/21/2024,00:45,0.05111893638968468,0.051138363778591156,0.05106823146343231,0.051084358245134354,0
02/21/2024,01:00,0.051084358245134354,0.05117929354310036,0.05105304718017578,0.05117929354310036,1
02/21/2024,01:15,0.05117929354310036,0.05117929354310036,0.05106469988822937,0.05106469988822937,0
02/21/2024,01:30,0.05106469988822937,0.05107096955180168,0.051044441759586334,0.051044441759586334,0
02/21/2024,01:45,0.051044441759586334,0.051048602908849716,0.050996601581573486,0.05101671814918518,0
02/21/2024,02:00,0.05101671814918518,0.05104498937726021,0.050970494747161865,0.050970494747161865,0
02/21/2024,02:15,0.050970494747161865,0.05103646218776703,0.050970494747161865,0.05103646218776703,0
02/21/2024,02:30,0.05103646218776703,0.05105231702327728,0.051012005656957626,0.051036056131124496,0
02/21/2024,02:45,0.051036056131124496,0.051036056131124496,0.05097648501396179,0.050978031009435654,0
02/21/2024,03:00,0.050978031009435654,0.050984013825654984,0.050939299166202545,0.050939299166202545,0
02/21/2024,03:15,0.050939299166202545,0.05097358673810959,0.050939299166202545,0.050966814160346985,0
02/21/2024,03:30,0.050966814160346985,0.050966814160346985,0.05094702169299126,0.05095567926764488,0
02/21/2024,03:45,0.05095567926764488,0.05095567926764488,0.050916995853185654,0.050916995853185654,0
02/21/2024,04:00,0.050916995853185654,0.05092208832502365,0.05090842396020889,0.05091657117009163,0
02/21/2024,04:15,0.05091657117009163,0.05091714859008789,0.05088673532009125,0.05088673532009125,0
02/21/2024,04:30,0.05088673532009125,0.05088673532009125,0.05075068026781082,0.05081164464354515,0
02/21/2024,04:45,0.05081164464354515,0.0508660227060318,0.0350726954638958,0.0350726954638958,0
02/21/2024,05:00,0.0350726954638958,0.035166382789611816,0.0350726954638958,0.03515004739165306,0
02/21/2024,05:15,0.03515004739165306,0.03515004739165306,0.03507046774029732,0.03507046774029732,0
02/21/2024,05:30,0.03507046774029732,0.03507046774029732,0.03499734401702881,0.03499734401702881,0
02/21/2024,05:45,0.03499734401702881,0.0350063182413578,0.03498098999261856,0.03500210493803024,0
02/21/2024,06:00,0.03500210493803024,0.03500210493803024,0.03493158891797066,0.03498157858848572,0
02/21/2024,06:15,0.03498157858848572,0.03501395508646965,0.03498157858848572,0.034986287355422974,0
02/21/2024,06:30,0.034986287355422974,0.03500642254948616,0.03492068499326706,0.03494371473789215,0
02/21/2024,06:45,0.03494371473789215,0.03494371473789215,0.03489721938967705,0.03490646928548813,0
02/21/2024,07:00,0.034919627010822296,0.034919627010822296,0.03482089191675186,0.0348377488553524,0
02/21/2024,07:15,0.0348377488553524,0.03494932875037193,0.0348377488553524,0.03494173288345337,0
02/21/2024,07:30,0.03494173288345337,0.03494173288345337,0.034851349890232086,0.034851349890232086,0
02/21/2024,07:45,0.034851349890232086,0.034851349890232086,0.03480271250009537,0.03480419144034386,0
02/21/2024,08:00,0.03480419144034386,0.03486471250653267,0.03479473292827606,0.034842316061258316,1
02/21/2024,08:15,0.034842316061258316,0.03487146273255348,0.03482837975025177,0.03486862778663635,1
02/21/2024,08:30,0.03486862778663635,0.03492040932178497,0.03483939543366432,0.0348658412694931,0
02/21/2024,08:45,0.0348658412694931,0.03488234430551529,0.03486442565917969,0.03486599400639534,0
02/21/2024,09:00,0.03486599400639534,0.03664027526974678,0.03475693613290787,0.03664027526974678,4
02/21/2024,09:15,0.03664027526974678,0.03664584085345268,0.03656787425279617,0.03656787425279617,0
02/21/2024,09:30,0.03656787425279617,0.036577899008989334,0.03648753464221954,0.03648753464221954,0
02/21/2024,09:45,0.03648753464221954,0.036504052579402924,0.03640080615878105,0.03640080615878105,0
02/21/2024,10:00,0.03640080615878105,0.03643754869699478,0.03632897138595581,0.03634351119399071,0
02/21/2024,10:15,0.03634351119399071,0.036454666405916214,0.03634351119399071,0.036454666405916214,1
02/21/2024,10:30,0.036454666405916214,0.0364861898124218,0.03645464777946472,0.0364861898124218,0
02/21/2024,10:45,0.0364861898124218,0.036566734313964844,0.0364861898124218,0.03651179000735283,0
02/21/2024,11:00,0.03651179000735283,0.03653942793607712,0.03649060055613518,0.03649060055613518,0
02/21/2024,11:15,0.03649060055613518,0.03649060055613518,0.03644035384058952,0.036447007209062576,0
02/21/2024,11:30,0.036447007209062576,0.036447007209062576,0.03630336746573448,0.03636251762509346,0
02/21/2024,11:45,0.03639661520719528,0.038510244339704514,0.03639661520719528,0.03842503949999809,7
02/21/2024,12:00,0.03842503949999809,0.038529422134160995,0.038424745202064514,0.038529422134160995,0
02/21/2024,12:15,0.038529422134160995,0.03870660439133644,0.038529422134160995,0.03870660439133644,0
02/21/2024,12:30,0.03870660439133644,0.041420307010412216,0.03870660439133644,0.041420307010412216,14
02/21/2024,12:45,0.041420307010412216,0.04472256451845169,0.04080307483673096,0.04471779987215996,232
02/21/2024,13:00,0.04471779987215996,0.044718608260154724,0.04364171624183655,0.04381809011101723,97
02/21/2024,13:15,0.04381809011101723,0.04381809011101723,0.04380631446838379,0.04380779340863228,0
02/21/2024,13:30,0.04380779340863228,0.043808646500110626,0.04380396381020546,0.043808646500110626,0
02/21/2024,13:45,0.043808646500110626,0.04380875825881958,0.04380650445818901,0.043806783854961395,0
02/21/2024,14:00,0.04380963742733002,0.04381037503480911,0.04380858689546585,0.04380970075726509,0
02/21/2024,14:15,0.04380970075726509,0.04380970075726509,0.04380136355757713,0.04380136355757713,0
02/21/2024,14:30,0.04380136355757713,0.043806787580251694,0.04380136355757713,0.043806787580251694,0
02/21/2024,14:45,0.043806787580251694,0.043807025998830795,0.04373273625969887,0.04373273625969887,2
02/21/2024,15:00,0.04373273625969887,0.043737806379795074,0.04373180866241455,0.0437358021736145,0
02/21/2024,15:15,0.0437358021736145,0.04374717175960541,0.0437358021736145,0.043744876980781555,0
02/21/2024,15:30,0.043744876980781555,0.04374817758798599,0.04374438524246216,0.04374713450670242,0
02/21/2024,15:45,0.04374713450670242,0.04374713450670242,0.04374097287654877,0.04374206066131592,0
02/21/2024,16:00,0.043741483241319656,0.04374450445175171,0.043740302324295044,0.04374450445175171,0
02/21/2024,16:15,0.04374450445175171,0.043745625764131546,0.04374127835035324,0.04374127835035324,0
02/21/2024,16:30,0.04374127835035324,0.043746862560510635,0.04374000430107117,0.043746862560510635,0
02/21/2024,16:45,0.043746862560510635,0.0437522791326046,0.043746862560510635,0.043751344084739685,0
02/21/2024,17:00,0.043751344084739685,0.04375246912240982,0.04374883696436882,0.04374922439455986,0
02/21/2024,17:15,0.04374922439455986,0.043749257922172546,0.04374705255031586,0.043747976422309875,0
02/21/2024,17:30,0.043746426701545715,0.043746426701545715,0.043735407292842865,0.043735407292842865,0
02/21/2024,17:45,0.043735407292842865,0.04373802989721298,0.043733641505241394,0.04373545944690704,0
02/21/2024,18:00,0.04373545944690704,0.043739113956689835,0.043733589351177216,0.043739113956689835,0
02/21/2024,18:15,0.043739113956689835,0.0437404103577137,0.043733179569244385,0.043733179569244385,0
02/21/2024,18:30,0.043733179569244385,0.04373512044548988,0.04373067989945412,0.04373512044548988,0
02/21/2024,18:45,0.04373512044548988,0.04373545944690704,0.043730929493904114,0.043730929493904114,0
02/21/2024,19:00,0.043730929493904114,0.04373400658369064,0.043726108968257904,0.04373376816511154,0
02/21/2024,19:15,0.04373376816511154,0.04373667389154434,0.04373347386717796,0.043736137449741364,0
02/21/2024,19:30,0.043736137449741364,0.043736137449741364,0.04373331367969513,0.04373424872756004,0
02/21/2024,19:45,0.04373424872756004,0.04373857006430626,0.04373424872756004,0.04373857006430626,0
02/21/2024,20:00,0.04373857006430626,0.04376634210348129,0.04373687505722046,0.04376634210348129,0
02/21/2024,20:15,0.04376634210348129,0.04376738891005516,0.043764885514974594,0.043764885514974594,0
02/21/2024,20:30,0.043764885514974594,0.04376637190580368,0.043764349073171616,0.04376471787691116,0
02/21/2024,20:45,0.04376471787691116,0.04376471787691116,0.043693214654922485,0.043693214654922485,2
02/21/2024,21:00,0.043693214654922485,0.043702442198991776,0.043693214654922485,0.04370227828621864,0
02/21/2024,21:15,0.04370227828621864,0.0437089204788208,0.04370072856545448,0.0437089204788208,0
02/21/2024,21:30,0.0437089204788208,0.0437132753431797,0.0437089204788208,0.0437132753431797,0
02/21/2024,21:45,0.0437132753431797,0.04371406137943268,0.04371003434062004,0.04371406137943268,0
02/21/2024,22:00,0.04371406137943268,0.04371533915400505,0.04371124505996704,0.04371124505996704,0
02/21/2024,22:15,0.04371124505996704,0.04371124505996704,0.043706171214580536,0.04371010139584541,0
02/21/2024,22:30,0.04371010139584541,0.04371190071105957,0.043708816170692444,0.04371173307299614,0
02/21/2024,22:45,0.04371173307299614,0.04398300126194954,0.04371173307299614,0.04398300126194954,13
02/21/2024,23:00,0.04398300126194954,0.04398983716964722,0.04398300126194954,0.04398983716964722,0
02/21/2024,23:15,0.04398796334862709,0.043991923332214355,0.04398796334862709,0.04398807883262634,0
02/21/2024,23:30,0.04398807883262634,0.04398924857378006,0.04398723319172859,0.04398924857378006,0
02/21/2024,23:45,0.04398924857378006,0.04439963400363922,0.04398924857378006,0.04439781606197357,14
02/22/2024,00:00,0.04439835622906685,0.04439835622906685,0.044394057244062424,0.0443950816988945,0
02/22/2024,00:15,0.0443950816988945,0.04439517855644226,0.044391654431819916,0.0443924143910408,0
02/22/2024,00:30,0.0443924143910408,0.044429801404476166,0.04439030587673187,0.04442920535802841,0
02/22/2024,00:45,0.04442920535802841,0.044429950416088104,0.04442776367068291,0.04442776367068291,0
02/22/2024,01:00,0.04442776367068291,0.04443066939711571,0.044425781816244125,0.04443066939711571,0
02/22/2024,01:15,0.04443066939711571,0.04443066939711571,0.04442731291055679,0.04442867264151573,0
02/22/2024,01:30,0.04442867264151573,0.04442867264151573,0.04442094266414642,0.04442094266414642,0
02/22/2024,01:45,0.04442094266414642,0.04442271962761879,0.04441451653838158,0.04441767558455467,0
02/22/2024,02:00,0.04441767558455467,0.044420626014471054,0.04441767558455467,0.04442020505666733,0
02/22/2024,02:15,0.04442020505666733,0.044423721730709076,0.04442020505666733,0.04442354664206505,0
02/22/2024,02:30,0.04442354664206505,0.044424694031476974,0.04442177712917328,0.044424694031476974,0
02/22/2024,02:45,0.044424694031476974,0.04442504793405533,0.044423725455999374,0.044423725455999374,0
02/22/2024,03:00,0.044423725455999374,0.044424232095479965,0.044422976672649384,0.044424157589673996,0
02/22/2024,03:15,0.044424157589673996,0.04442869871854782,0.044424157589673996,0.044428568333387375,0
02/22/2024,03:30,0.044428568333387375,0.044428568333387375,0.044426389038562775,0.044426389038562775,0
02/22/2024,03:45,0.044426389038562775,0.044432055205106735,0.044426389038562775,0.0444297194480896,0
02/22/2024,04:00,0.0444297194480896,0.0444311648607254,0.04442961886525154,0.04443100094795227,0
02/22/2024,04:15,0.04443100094795227,0.04443100094795227,0.04442859813570976,0.04442863166332245,0
02/22/2024,04:30,0.04442863166332245,0.04442913085222244,0.04442712292075157,0.04442751780152321,0
02/22/2024,04:45,0.04442751780152321,0.04442858695983887,0.044422801584005356,0.04442474991083145,0
02/22/2024,05:00,0.04442474991083145,0.044425737112760544,0.044050946831703186,0.04405376687645912,3
02/22/2024,05:15,0.04405376687645912,0.04407211393117905,0.043539293110370636,0.043540600687265396,104
02/22/2024,05:30,0.043540600687265396,0.043540600687265396,0.04353850334882736,0.04353881999850273,0
02/22/2024,05:45,0.04353881999850273,0.043541070073843,0.043536458164453506,0.043536476790905,0
02/22/2024,06:00,0.043536476790905,0.04353884980082512,0.043536476790905,0.04353884980082512,0
02/22/2024,06:15,0.04353886842727661,0.04354046285152435,0.043538108468055725,0.04354046285152435,0
02/22/2024,06:30,0.04354046285152435,0.043543167412281036,0.04354046285152435,0.043543167412281036,0
02/22/2024,06:45,0.043543167412281036,0.04354462772607803,0.043543167412281036,0.04354456812143326,0
02/22/2024,07:00,0.04354456812143326,0.04354456812143326,0.043541308492422104,0.043543558567762375,0
02/22/2024,07:15,0.043543558567762375,0.043545935302972794,0.04354345425963402,0.043545935302972794,0
02/22/2024,07:30,0.043545935302972794,0.043547373265028,0.0435454286634922,0.043547373265028,0
02/22/2024,07:45,0.043547373265028,0.043547373265028,0.043544985353946686,0.04354523867368698,0
02/22/2024,08:00,0.04354523867368698,0.04354771599173546,0.04354482889175415,0.04354669153690338,0
02/22/2024,08:15,0.04354669153690338,0.04354669153690338,0.04354288801550865,0.04354288801550865,0
02/22/2024,08:30,0.04354288801550865,0.043544553220272064,0.04354199767112732,0.043543655425310135,0
02/22/2024,08:45,0.043543655425310135,0.04354843124747276,0.043543655425310135,0.04354843124747276,0
02/22/2024,09:00,0.04354843124747276,0.04354843124747276,0.04354318603873253,0.04354318603873253,0
02/22/2024,09:15,0.04354318603873253,0.04354318603873253,0.043540555983781815,0.04354076832532883,0
02/22/2024,09:30,0.04354076832532883,0.04354358837008476,0.04353959858417511,0.04354358837008476,0
02/22/2024,09:45,0.04354358837008476,0.04354798048734665,0.04354358837008476,0.04354798048734665,1
02/22/2024,10:00,0.04354666918516159,0.04354666918516159,0.04352201521396637,0.04352201521396637,1
02/22/2024,10:15,0.04352201521396637,0.0435221903026104,0.04352126270532608,0.04352182149887085,0
02/22/2024,10:30,0.04352182149887085,0.04352211952209473,0.04351801797747612,0.04351801797747612,0
02/22/2024,10:45,0.04351801797747612,0.04351801797747612,0.04351544752717018,0.04351566359400749,0
02/22/2024,11:00,0.04351566359400749,0.04351626709103584,0.043513502925634384,0.04351505637168884,0
02/22/2024,11:15,0.04351505637168884,0.04351505637168884,0.043512940406799316,0.04351401329040527,0
02/22/2024,11:30,0.04351401329040527,0.043515101075172424,0.04351266101002693,0.04351266101002693,0
02/22/2024,11:45,0.04351266101002693,0.04351266101002693,0.04350702092051506,0.04350899159908295,0
02/22/2024,12:00,0.04350899159908295,0.04351057857275009,0.0435076467692852,0.043510086834430695,0
02/22/2024,12:15,0.043510086834430695,0.043511856347322464,0.043510086834430695,0.043510567396879196,0
02/22/2024,12:30,0.043510567396879196,0.043510567396879196,0.043491654098033905,0.043491654098033905,0
02/22/2024,12:45,0.043491654098033905,0.043492838740348816,0.043117646127939224,0.04312122240662575,0
02/22/2024,13:00,0.04312122240662575,0.04312122240662575,0.042614709585905075,0.042614709585905075,0
02/22/2024,13:15,0.042614709585905075,0.042614709585905075,0.042595624923706055,0.042595744132995605,0
02/22/2024,13:30,0.042595744132995605,0.042607374489307404,0.04258770868182182,0.04258770868182182,0
02/22/2024,13:45,0.04258770868182182,0.04258770868182182,0.042572021484375,0.04258402809500694,0
02/22/2024,14:00,0.04258402809500694,0.04259693995118141,0.04258272051811218,0.04259693995118141,0
02/22/2024,14:15,0.04259693995118141,0.04259693995118141,0.042582109570503235,0.04258693382143974,0
02/22/2024,14:30,0.04258693382143974,0.042598675936460495,0.042584192007780075,0.042595069855451584,0
02/22/2024,14:45,0.042595069855451584,0.04261230304837227,0.042595069855451584,0.04261230304837227,0
02/22/2024,15:00,0.04261230304837227,0.04279998317360878,0.04261230304837227,0.042794451117515564,0
02/22/2024,15:15,0.042794451117515564,0.04279711842536926,0.04279063642024994,0.042795464396476746,0
02/22/2024,15:30,0.042795464396476746,0.04281904175877571,0.042795464396476746,0.0428144671022892,0
02/22/2024,15:45,0.0428144671022892,0.04281529784202576,0.0428101122379303,0.04281529784202576,0
02/22/2024,16:00,0.04281529784202576,0.04282703250646591,0.04281466826796532,0.04282703250646591,0
02/22/2024,16:15,0.04282703250646591,0.04282703250646591,0.04280407354235649,0.04280407354235649,0
02/22/2024,16:30,0.04280407354235649,0.04281310737133026,0.04280407354235649,0.04281160980463028,0
02/22/2024,16:45,0.04281160980463028,0.04281160980463028,0.04280439019203186,0.04280698299407959,0
02/22/2024,17:00,0.04280698299407959,0.042810287326574326,0.042806051671504974,0.042806051671504974,0
02/22/2024,17:15,0.04280662164092064,0.04281860217452049,0.0426994152367115,0.0426994152367115,2
02/22/2024,17:30,0.0426994152367115,0.04270905628800392,0.0426994152367115,0.04270905628800392,0
02/22/2024,17:45,0.04270905628800392,0.04271450638771057,0.04270905628800392,0.04271450638771057,0
02/22/2024,18:00,0.04271450638771057,0.04271450638771057,0.04270532727241516,0.04270532727241516,0
02/22/2024,18:15,0.04270532727241516,0.04270532727241516,0.0427032969892025,0.0427049957215786,0
02/22/2024,18:30,0.042703911662101746,0.042703911662101746,0.04269597306847572,0.04270164668560028,0
02/22/2024,18:45,0.04270164668560028,0.04271283745765686,0.04270164668560028,0.04271283745765686,0
02/22/2024,19:00,0.04271283745765686,0.04271283745765686,0.042700283229351044,0.042700283229351044,0
02/22/2024,19:15,0.042700283229351044,0.04270389303565025,0.042697224766016006,0.04270230606198311,0
02/22/2024,19:30,0.04270230606198311,0.042703621089458466,0.042695168405771255,0.04269532486796379,0
02/22/2024,19:45,0.04269532486796379,0.04269532486796379,0.042692817747592926,0.042692817747592926,0
02/22/2024,20:00,0.042692817747592926,0.04270099475979805,0.042692817747592926,0.04270099475979805,0
02/22/2024,20:15,0.04270099475979805,0.042721252888441086,0.04270099475979805,0.042721252888441086,0
02/22/2024,20:30,0.042721252888441086,0.04273828864097595,0.042721252888441086,0.04273299127817154,0
02/22/2024,20:45,0.04273299127817154,0.04274144396185875,0.04272114485502243,0.04274144396185875,0
02/22/2024,21:00,0.04274144396185875,0.04274144396185875,0.042714666575193405,0.042714666575193405,0
02/22/2024,21:15,0.042714666575193405,0.04292895272374153,0.042707767337560654,0.04292895272374153,0
02/22/2024,21:30,0.04292895272374153,0.04293162748217583,0.04292236641049385,0.04292481392621994,0
02/22/2024,21:45,0.04292481392621994,0.04292481392621994,0.04291993007063866,0.04292250797152519,0
02/22/2024,22:00,0.04292250797152519,0.04293007031083107,0.042918846011161804,0.042918846011161804,0
02/22/2024,22:15,0.042918846011161804,0.042924847453832626,0.04291674122214317,0.04291674122214317,0
02/22/2024,22:30,0.04291674122214317,0.04291674122214317,0.04290024936199188,0.04291097819805145,0
02/22/2024,22:45,0.04291097819805145,0.04291097819805145,0.04281436651945114,0.04282210022211075,0
02/22/2024,23:00,0.04282210022211075,0.04282210022211075,0.042807407677173615,0.042807407677173615,0
02/22/2024,23:15,0.042807407677173615,0.042809803038835526,0.042801547795534134,0.04280827194452286,0
02/22/2024,23:30,0.04280827194452286,0.04281170666217804,0.04280491918325424,0.04280491918325424,0
02/22/2024,23:45,0.04280491918325424,0.04280810058116913,0.04268427938222885,0.042687445878982544,0
